event_id,label,attack_campaign_id,generated_at,scenario_metadata
cba80ace-1a4f-4953-ab58-0cbc5b8fe196,normal,,2026-01-05T00:02:26.803646Z,"{""behavior_phase"":""stable""}"
dad05b57-0b6c-4b70-ad86-684f86a38ab0,normal,,2026-01-05T00:02:54.100940Z,"{""behavior_phase"":""stable""}"
d851f0b9-b11b-477e-b074-ff31f516322a,normal,,2026-01-05T00:12:00.699725Z,"{""behavior_phase"":""stable""}"
6042f088-3e53-4deb-a422-5673ac199f94,normal,,2026-01-05T00:12:08.620891Z,"{""behavior_phase"":""stable""}"
3c87fd1b-7800-4b30-81e6-b76aed8b8c43,normal,,2026-01-05T00:27:46.618008Z,"{""behavior_phase"":""stable""}"
f1bc06c3-ad9e-4a5e-8b95-a344cad82243,normal,,2026-01-05T00:33:13.006495Z,"{""behavior_phase"":""stable""}"
14afa578-519a-41ef-a1e9-f8330ce9744e,normal,,2026-01-05T00:35:30.153723Z,"{""behavior_phase"":""stable""}"
f1959134-c59e-4337-9665-8bd7f156ae9a,normal,,2026-01-05T00:40:46.943427Z,"{""behavior_phase"":""stable""}"
541dbd68-3ead-475c-9349-b9b730fa0322,normal,,2026-01-05T00:43:08.375894Z,"{""behavior_phase"":""stable""}"
46bcd019-4a5f-4fdf-b4ca-af5ac4d1668f,normal,,2026-01-05T00:46:30.701604Z,"{""behavior_phase"":""stable""}"
c5faa609-1346-4c9c-949f-84503efe3fe2,normal,,2026-01-05T00:49:17.327450Z,"{""behavior_phase"":""stable""}"
769835ab-ed71-43a4-9e7c-c61048e35e57,normal,,2026-01-05T00:51:54.718073Z,"{""behavior_phase"":""stable""}"
d8c98c79-99e8-4045-8fad-a0cd5d76f859,normal,,2026-01-05T01:03:32.947735Z,"{""behavior_phase"":""stable""}"
726709db-6b76-486d-80fd-dba13fa86694,normal,,2026-01-05T01:09:06.314861Z,"{""behavior_phase"":""stable""}"
fa82592a-c81d-4bfd-a850-93a4f2832bcf,normal,,2026-01-05T01:29:05.750314Z,"{""behavior_phase"":""stable""}"
67f87c50-9818-41ef-b68e-fab8806a888a,normal,,2026-01-05T01:30:21.118785Z,"{""behavior_phase"":""stable""}"
950ea713-aa1f-4642-b0c4-1f79fc24a6c2,normal,,2026-01-05T01:30:33.575826Z,"{""behavior_phase"":""stable""}"
556384d8-fd4b-4bf6-b8c1-270ca941f023,normal,,2026-01-05T01:32:23.661327Z,"{""behavior_phase"":""stable""}"
08b92a02-135b-4c77-a70f-e0dfe8f60306,normal,,2026-01-05T01:42:39.047524Z,"{""behavior_phase"":""stable""}"
aced20d1-2e4c-44fa-8531-92b44ed8a8b8,normal,,2026-01-05T01:43:38.361993Z,"{""behavior_phase"":""stable""}"
8d3ba652-cbc7-45a4-aab0-c33eb1b0f159,normal,,2026-01-05T01:49:11.947278Z,"{""behavior_phase"":""stable""}"
6046dace-05e6-4e6c-bee6-bbe391cb3140,normal,,2026-01-05T01:49:59.480436Z,"{""behavior_phase"":""stable""}"
b27abb30-4342-46e9-903a-2d784bccaf6f,normal,,2026-01-05T02:03:36.674282Z,"{""behavior_phase"":""stable""}"
72eb6333-de20-4038-8474-0560a8a03179,normal,,2026-01-05T02:05:03.026404Z,"{""behavior_phase"":""stable""}"
5e35df1a-afbe-48a4-8b2a-bb0798c42db5,normal,,2026-01-05T02:18:27.403257Z,"{""behavior_phase"":""stable""}"
e1cca696-561c-41c6-8d86-3c11fcd163f5,normal,,2026-01-05T02:20:30.246960Z,"{""behavior_phase"":""stable""}"
4907defe-f089-4612-86ce-a002ab9d67a4,normal,,2026-01-05T02:21:03.752635Z,"{""behavior_phase"":""stable""}"
38b15415-2712-4371-9128-b6f65b601b44,normal,,2026-01-05T02:27:01.634753Z,"{""behavior_phase"":""stable""}"
6ed8d4c9-4e57-4c94-b670-036fba011702,normal,,2026-01-05T02:29:51.086903Z,"{""behavior_phase"":""stable""}"
37ddf2b6-8439-4f92-bfb2-07e3266d598c,normal,,2026-01-05T02:35:42.661745Z,"{""behavior_phase"":""stable""}"
f05fa9ab-2f4f-46c0-9e2e-f53c844b3fa6,normal,,2026-01-05T02:55:58.000823Z,"{""behavior_phase"":""stable""}"
9ae27df1-d4db-4059-b812-db2255e56692,normal,,2026-01-05T03:00:48.594554Z,"{""behavior_phase"":""stable""}"
c2d71080-d22e-4c8e-b3ce-403999e31fc9,normal,,2026-01-05T03:05:10.877164Z,"{""behavior_phase"":""stable""}"
63666901-dfa5-44bc-be15-71ce3d676e1b,normal,,2026-01-05T03:23:47.445081Z,"{""behavior_phase"":""stable""}"
d80ef52f-5306-4df9-bcc6-34abeee45e23,normal,,2026-01-05T03:26:24.736532Z,"{""behavior_phase"":""stable""}"
9a7b96be-8ff3-43bf-bd03-f5194c74f3ce,normal,,2026-01-05T03:27:39.076567Z,"{""behavior_phase"":""stable""}"
e5476cb0-ea61-4276-a899-19e717a65a4c,normal,,2026-01-05T03:29:05.990709Z,"{""behavior_phase"":""stable""}"
e33ab211-0ac9-474a-ba04-e4600c177af5,normal,,2026-01-05T03:37:52.212942Z,"{""behavior_phase"":""stable""}"
68d0198c-4355-447f-a66e-75cb9a9ff9fd,normal,,2026-01-05T03:40:51.523561Z,"{""behavior_phase"":""stable""}"
fb22916c-223c-405b-b1e0-30e36226d37e,normal,,2026-01-05T03:48:00.450872Z,"{""behavior_phase"":""stable""}"
e11b7bc0-c983-48a7-92b6-76056d5ac231,normal,,2026-01-05T04:03:51.366510Z,"{""behavior_phase"":""stable""}"
2e1b99a0-05f2-4554-bfca-fd1598a869f5,normal,,2026-01-05T04:06:28.170979Z,"{""behavior_phase"":""stable""}"
f1a2012e-2d98-4a6f-b31b-bf08dae62516,normal,,2026-01-05T04:08:10.544386Z,"{""behavior_phase"":""stable""}"
94e1552d-a25d-4e68-8bbf-733525fd4888,normal,,2026-01-05T04:10:48.572195Z,"{""behavior_phase"":""stable""}"
ea67e670-2073-4928-a0fb-e89882de433a,normal,,2026-01-05T04:15:13.395297Z,"{""behavior_phase"":""stable""}"
2a09e7d1-81c7-4543-b6c8-b0c980d4e549,normal,,2026-01-05T04:16:42.353112Z,"{""behavior_phase"":""stable""}"
ae0fe8a8-dd6c-497b-9c02-124df8d06ff3,normal,,2026-01-05T04:19:16.242724Z,"{""behavior_phase"":""stable""}"
8d17a57f-d372-4cc9-8a3a-8c32d47dc5ea,normal,,2026-01-05T04:20:50.830572Z,"{""behavior_phase"":""stable""}"
e079129a-d18f-4a8b-b835-b8d52e1fe34b,normal,,2026-01-05T04:29:00.226710Z,"{""behavior_phase"":""stable""}"
39485aa0-8281-41ef-9071-6da34303ca1f,normal,,2026-01-05T04:35:20.946002Z,"{""behavior_phase"":""stable""}"
c41afed3-4673-45c1-9b49-275289d28501,normal,,2026-01-05T04:38:09.956496Z,"{""behavior_phase"":""stable""}"
8387b96d-868f-4277-8485-9c308b46c087,normal,,2026-01-05T04:40:22.301441Z,"{""behavior_phase"":""stable""}"
9e6577b7-491f-4803-9de0-8065216d5986,normal,,2026-01-05T04:50:30.368058Z,"{""behavior_phase"":""stable""}"
56e44f09-3191-4558-a69e-6d029d42972d,normal,,2026-01-05T04:51:01.735162Z,"{""behavior_phase"":""stable""}"
a6b2e932-2d5c-4995-b8d9-429faadf6378,normal,,2026-01-05T04:53:32.892662Z,"{""behavior_phase"":""stable""}"
96d8e37a-3ee8-4143-b263-4e4b2437e6ae,normal,,2026-01-05T04:56:29.807118Z,"{""behavior_phase"":""stable""}"
98311713-9205-46ed-844f-e5ae3cb7b825,normal,,2026-01-05T05:00:35.591626Z,"{""behavior_phase"":""stable""}"
73a30392-86e3-4dc1-8025-6bcc7187d989,normal,,2026-01-05T05:07:44.594740Z,"{""behavior_phase"":""stable""}"
b26d02a3-aa25-4af3-831b-c3f70057c4d8,normal,,2026-01-05T05:13:45.830930Z,"{""behavior_phase"":""stable""}"
fe46f2e1-50d4-4074-ac36-579b971de0cc,normal,,2026-01-05T05:16:38.387994Z,"{""behavior_phase"":""stable""}"
8c241508-e840-4188-9011-285c5d2080c7,normal,,2026-01-05T05:17:36.674084Z,"{""behavior_phase"":""stable""}"
e4a31f1c-31c6-4c0a-8325-129df31efb1e,normal,,2026-01-05T05:21:13.382197Z,"{""behavior_phase"":""stable""}"
1d1d5fb3-8577-43d2-bd38-bc4a1793918e,normal,,2026-01-05T05:21:52.923993Z,"{""behavior_phase"":""stable""}"
df314cb7-8f26-40c2-8661-18227eeffd83,normal,,2026-01-05T05:27:24.977144Z,"{""behavior_phase"":""stable""}"
f2fd7748-4b30-492d-bb64-72ee7685b1f0,normal,,2026-01-05T05:31:21.330502Z,"{""behavior_phase"":""stable""}"
7e734244-eacc-4f9a-8556-28e46005ad3e,normal,,2026-01-05T05:37:26.042704Z,"{""behavior_phase"":""stable""}"
bc6397ce-3fc5-4a49-8942-44c461dab5c2,normal,,2026-01-05T05:41:26.207307Z,"{""behavior_phase"":""stable""}"
07384981-553d-4873-b6f2-a240174039cc,normal,,2026-01-05T05:42:46.238035Z,"{""behavior_phase"":""stable""}"
385ad7fc-7f83-4835-a7c6-aed002d3c166,normal,,2026-01-05T06:02:25.243803Z,"{""behavior_phase"":""stable""}"
d3e79e68-d4fc-4456-919e-f569a2dc0d41,normal,,2026-01-05T06:09:27.793466Z,"{""behavior_phase"":""stable""}"
4015b096-21d5-416e-a52e-4dcd9dd76b35,normal,,2026-01-05T06:10:34.485056Z,"{""behavior_phase"":""stable""}"
8ccc742f-f91a-4868-8ddc-9d73075ef553,normal,,2026-01-05T06:26:27.726748Z,"{""behavior_phase"":""stable""}"
dee5c37a-afca-437c-b762-5bad1194c11a,normal,,2026-01-05T06:29:59.099462Z,"{""behavior_phase"":""stable""}"
93661fba-2df4-479d-b4f3-765a2218f7ea,normal,,2026-01-05T06:38:02.724367Z,"{""behavior_phase"":""stable""}"
010e13b6-9a37-415b-9a5d-b7a635369e3a,normal,,2026-01-05T06:39:36.029505Z,"{""behavior_phase"":""stable""}"
7d6f1731-1ef2-4ef1-a027-c6e564158305,normal,,2026-01-05T06:42:45.009230Z,"{""behavior_phase"":""stable""}"
b5bd7189-b18b-4613-8331-867138cbcef7,normal,,2026-01-05T06:44:26.634788Z,"{""behavior_phase"":""stable""}"
151a9edb-9e15-4f44-868e-81f2a63977dc,normal,,2026-01-05T06:49:20.692529Z,"{""behavior_phase"":""stable""}"
35a67bcf-912c-4e41-9836-7ab987d6f67b,normal,,2026-01-05T06:58:09.274306Z,"{""behavior_phase"":""stable""}"
219fc30f-a8b9-4658-99ff-d40264c9aae9,normal,,2026-01-05T07:06:06.136336Z,"{""behavior_phase"":""stable""}"
2f596ba4-4d48-4ce2-b1ec-e87f4272ade9,normal,,2026-01-05T07:06:43.842517Z,"{""behavior_phase"":""stable""}"
994a975e-74f9-432c-8c4e-e61f2af7f102,normal,,2026-01-05T07:10:54.421913Z,"{""behavior_phase"":""stable""}"
8727eddd-3631-4fdc-8c1e-71cf1a6762c7,normal,,2026-01-05T07:27:50.824624Z,"{""behavior_phase"":""stable""}"
b79a678f-b0a4-4116-a29e-ec9e21db230b,normal,,2026-01-05T07:32:47.705843Z,"{""behavior_phase"":""stable""}"
010f1493-5abd-4d7a-9ddb-9f359c56b7fd,normal,,2026-01-05T07:35:54.403985Z,"{""behavior_phase"":""stable""}"
dd0520af-afdf-4aac-8094-df7f8756e55a,normal,,2026-01-05T07:36:08.091258Z,"{""behavior_phase"":""stable""}"
6b430402-bab7-4900-9599-ce3793c9e9e1,normal,,2026-01-05T07:42:29.258702Z,"{""behavior_phase"":""stable""}"
c7faa577-20c3-45a4-9213-3a248432cacd,normal,,2026-01-05T07:43:00.726339Z,"{""behavior_phase"":""stable""}"
5dd7f59d-c662-4fa9-aa08-37256a6e5805,normal,,2026-01-05T08:15:55.993992Z,"{""behavior_phase"":""stable""}"
95641386-5e87-482f-b240-3e7131320f77,normal,,2026-01-05T08:20:02.079032Z,"{""behavior_phase"":""stable""}"
2fc8ed7a-ef2b-4384-b06b-52a5e72b2036,normal,,2026-01-05T08:26:52.666278Z,"{""behavior_phase"":""stable""}"
51e94627-e286-4b01-a1a1-9189715a730a,normal,,2026-01-05T08:29:37.605099Z,"{""behavior_phase"":""stable""}"
5e120905-3bc9-49dd-bcea-5b382c59d8e2,normal,,2026-01-05T08:44:58.314337Z,"{""behavior_phase"":""stable""}"
1f2c0b65-5d42-4210-a522-dd95c5c52936,normal,,2026-01-05T08:53:49.148016Z,"{""behavior_phase"":""stable""}"
a7c12f45-224c-4ecd-807a-a5491909afc3,normal,,2026-01-05T08:55:20.340001Z,"{""behavior_phase"":""stable""}"
de62cb2d-8ff3-4db7-b562-19acef594234,normal,,2026-01-05T08:58:45.815641Z,"{""behavior_phase"":""stable""}"
a1246e52-d561-4112-a201-ae9833ccdff0,normal,,2026-01-05T09:03:27.827377Z,"{""behavior_phase"":""stable""}"
ffbe8e60-87a8-4042-aad8-b5ea7e18ade3,normal,,2026-01-05T09:09:58.635230Z,"{""behavior_phase"":""stable""}"
382c1a99-bf64-423a-a096-d270a93b9e1f,normal,,2026-01-05T09:14:21.146468Z,"{""behavior_phase"":""stable""}"
09190b6b-9418-48bf-b2e4-6079011c53bf,normal,,2026-01-05T09:16:34.090113Z,"{""behavior_phase"":""stable""}"
ca8d7640-6b14-42bc-897e-54a1efc8e798,normal,,2026-01-05T09:22:36.787816Z,"{""behavior_phase"":""stable""}"
62879dc1-4f9f-418d-a819-3be0ef1cd093,normal,,2026-01-05T09:24:37.954010Z,"{""behavior_phase"":""stable""}"
3c0111f7-3f67-427d-ac92-20f828e11411,normal,,2026-01-05T09:26:36.839490Z,"{""behavior_phase"":""stable""}"
45b4d2aa-0eb8-4b43-9c70-a90aaa0880db,normal,,2026-01-05T09:28:13.996387Z,"{""behavior_phase"":""stable""}"
4aee005e-829f-4efa-9876-286620e05cb1,normal,,2026-01-05T09:39:41.743894Z,"{""behavior_phase"":""stable""}"
de19906c-48c2-4ac8-9343-4b5900381e12,normal,,2026-01-05T09:39:50.750460Z,"{""behavior_phase"":""stable""}"
c0ed2a55-989c-4c9b-8c3a-ccf67c57b16f,normal,,2026-01-05T09:47:58.720821Z,"{""behavior_phase"":""stable""}"
db2f39fa-630c-4187-8746-0b03a2f0827c,normal,,2026-01-05T10:00:09.511309Z,"{""behavior_phase"":""stable""}"
4b5c1b25-a440-4d90-b047-37cc2a6c85e8,normal,,2026-01-05T10:07:23.306210Z,"{""behavior_phase"":""stable""}"
2d1c09b1-a544-4c27-ae00-7e8bdad38f76,normal,,2026-01-05T10:08:52.559999Z,"{""behavior_phase"":""stable""}"
a93a0247-7f4f-46ff-af84-68f51dd7b2ef,normal,,2026-01-05T10:12:12.109913Z,"{""behavior_phase"":""stable""}"
e7a40581-e99d-4853-bcfb-3f18a07f8cac,normal,,2026-01-05T10:15:24.058785Z,"{""behavior_phase"":""stable""}"
73b52a46-9f9a-4463-86f1-cbdda32837b3,normal,,2026-01-05T10:20:14.416295Z,"{""behavior_phase"":""stable""}"
bb1e1593-dc6f-4871-9fb1-c2d6f752a166,normal,,2026-01-05T10:23:48.812046Z,"{""behavior_phase"":""stable""}"
b1310876-01f9-48b1-9cc2-7751d0ffc694,normal,,2026-01-05T10:24:00.433952Z,"{""behavior_phase"":""stable""}"
3f6cac4a-5135-4d07-8ce4-eaa4253a6470,normal,,2026-01-05T10:28:07.077512Z,"{""behavior_phase"":""stable""}"
46d6fd15-6a8a-4f21-a246-c850f3b6bfe6,normal,,2026-01-05T10:43:58.354620Z,"{""behavior_phase"":""stable""}"
12156445-d036-4106-bb30-ca903f858597,normal,,2026-01-05T10:53:00.799899Z,"{""behavior_phase"":""stable""}"
f757facc-aa1c-4fe4-9619-0523b78e21ea,normal,,2026-01-05T10:54:25.756463Z,"{""behavior_phase"":""stable""}"
d5cbe839-c297-4ea9-b5c6-c7ce43c048df,normal,,2026-01-05T10:54:32.237067Z,"{""behavior_phase"":""stable""}"
86756768-1af7-47cc-b6a8-8b1c63714b3d,normal,,2026-01-05T11:02:38.071566Z,"{""behavior_phase"":""stable""}"
57f072d9-1a41-4326-9c01-545d3ba2102c,normal,,2026-01-05T11:03:00.564665Z,"{""behavior_phase"":""stable""}"
1e16e3b2-1b68-4ce2-ae8e-cc58156975de,normal,,2026-01-05T11:03:09.123901Z,"{""behavior_phase"":""stable""}"
89b6f15c-3d1b-4fcf-bca0-8a4f74ff18e2,normal,,2026-01-05T11:04:46.236673Z,"{""behavior_phase"":""stable""}"
f50486cf-25f8-4bed-a32b-fe65b0dfb87e,normal,,2026-01-05T11:05:19.145913Z,"{""behavior_phase"":""stable""}"
a58e75ad-6b41-4106-a36d-b634ac449eaa,normal,,2026-01-05T11:06:42.192088Z,"{""behavior_phase"":""stable""}"
0631fb30-f838-4631-a335-9ed270ff1e8e,normal,,2026-01-05T11:12:32.150075Z,"{""behavior_phase"":""stable""}"
de0914f0-b3ef-4354-853f-d0e32fe79848,normal,,2026-01-05T11:17:02.005425Z,"{""behavior_phase"":""stable""}"
accd6009-aa47-48c1-b312-5e0006775df2,normal,,2026-01-05T11:18:56.136628Z,"{""behavior_phase"":""stable""}"
74557cf1-d9b7-4d3a-b9d2-0ad8fb039a87,normal,,2026-01-05T11:25:16.389471Z,"{""behavior_phase"":""stable""}"
44e606e6-b1e4-4dcf-9959-44d0eb8c4752,normal,,2026-01-05T11:26:32.987330Z,"{""behavior_phase"":""stable""}"
4cb9d599-fc8e-44f9-9525-c14b3036e02f,normal,,2026-01-05T11:30:14.253850Z,"{""behavior_phase"":""stable""}"
8e9fdb0e-f71a-45d5-921f-50d84e5eb233,normal,,2026-01-05T11:30:23.087177Z,"{""behavior_phase"":""stable""}"
1bf4742f-dce6-4909-b5ab-5f8ecf8df567,normal,,2026-01-05T11:33:26.901034Z,"{""behavior_phase"":""stable""}"
ba2f1305-07ae-4bd2-8edd-378a6f80699c,normal,,2026-01-05T11:35:20.922562Z,"{""behavior_phase"":""stable""}"
470978b1-f82f-45d8-894f-c8b501827d54,normal,,2026-01-05T11:39:45.528024Z,"{""behavior_phase"":""stable""}"
edeea6d8-32fa-4535-bdd1-b7f0f7a0d17c,normal,,2026-01-05T11:56:41.178010Z,"{""behavior_phase"":""stable""}"
eb21f599-038c-4e5f-8980-f262ad293751,normal,,2026-01-05T12:05:11.903799Z,"{""behavior_phase"":""stable""}"
ea15d7ff-a7bc-4260-b7c8-2e6b47e18443,normal,,2026-01-05T12:05:26.970441Z,"{""behavior_phase"":""stable""}"
94e6b1a8-0e31-499c-b830-17c628e9d6c1,normal,,2026-01-05T12:06:36.688803Z,"{""behavior_phase"":""stable""}"
bd9cfeea-7b50-42b1-ae8a-718968727e2b,normal,,2026-01-05T12:07:55.076001Z,"{""behavior_phase"":""stable""}"
2aa8e4dd-1a3a-4eeb-8d00-08a16397c96b,normal,,2026-01-05T12:11:30.084999Z,"{""behavior_phase"":""stable""}"
dac092d8-44d5-469c-8e82-650ef674fe00,normal,,2026-01-05T12:15:41.556045Z,"{""behavior_phase"":""stable""}"
0b7336db-76fc-4907-bc7a-ea49182ddda5,normal,,2026-01-05T12:15:59.171203Z,"{""behavior_phase"":""stable""}"
cee1e954-5bf8-4af4-a69b-7f70e9ea361c,normal,,2026-01-05T12:17:52.125695Z,"{""behavior_phase"":""stable""}"
dc6f0106-3bb1-46fd-8f78-73e2649fcce2,normal,,2026-01-05T12:18:44.195967Z,"{""behavior_phase"":""stable""}"
4b955da4-c6a4-4541-993b-e515c2ed562f,normal,,2026-01-05T12:19:52.444134Z,"{""behavior_phase"":""stable""}"
4e9b2a89-fe3f-4f50-b184-f223e64d616c,normal,,2026-01-05T12:30:18.879410Z,"{""behavior_phase"":""stable""}"
a82b9150-21a3-4f3b-8354-d30024335be0,normal,,2026-01-05T12:35:52.556915Z,"{""behavior_phase"":""stable""}"
9e058085-5bb6-4576-8748-429c8a7a61b2,normal,,2026-01-05T12:37:52.492059Z,"{""behavior_phase"":""stable""}"
82138f50-e98b-4487-9bee-96bb80e2e9f4,normal,,2026-01-05T12:40:15.106950Z,"{""behavior_phase"":""stable""}"
84fa3ae4-3ab4-4bff-a39a-b20efe517b3f,normal,,2026-01-05T12:47:34.239471Z,"{""behavior_phase"":""stable""}"
21e6626c-e0b3-408c-99ba-66f26c759be7,normal,,2026-01-05T12:54:13.378042Z,"{""behavior_phase"":""stable""}"
1b3be17f-911f-467a-ba4a-cfcfde850870,normal,,2026-01-05T13:00:03.302501Z,"{""behavior_phase"":""stable""}"
beface66-0e23-4a30-a43e-36f37544f7ac,normal,,2026-01-05T13:04:54.453762Z,"{""behavior_phase"":""stable""}"
a9f288a0-7a78-4ef7-8773-92b6c1b1494a,normal,,2026-01-05T13:06:40.505680Z,"{""behavior_phase"":""stable""}"
d28f23a0-d267-4cef-ab5a-36483559badb,normal,,2026-01-05T13:09:53.053226Z,"{""behavior_phase"":""stable""}"
a5b51e4d-c113-4187-ad5c-8ab2cf528d3d,normal,,2026-01-05T13:11:32.720344Z,"{""behavior_phase"":""stable""}"
04813ca2-7405-4e83-a565-d55c789beee2,normal,,2026-01-05T13:21:45.787719Z,"{""behavior_phase"":""stable""}"
9be74a39-7bd4-4ef7-a724-ce4e89aafc14,normal,,2026-01-05T13:22:41.682727Z,"{""behavior_phase"":""stable""}"
599c209d-8fec-4a23-9a7c-f2746f5ceb03,normal,,2026-01-05T13:29:37.072388Z,"{""behavior_phase"":""stable""}"
5ccbe40b-0e3a-4d8e-af3d-5d51188721eb,normal,,2026-01-05T13:34:11.959703Z,"{""behavior_phase"":""stable""}"
1b21e3e2-3bae-4166-bfdc-72671c412abc,normal,,2026-01-05T13:36:37.443174Z,"{""behavior_phase"":""stable""}"
673f0cec-ffa4-4582-a70a-408432081d75,normal,,2026-01-05T13:43:39.130632Z,"{""behavior_phase"":""stable""}"
b7ced737-0842-481e-b306-0662012ef00e,normal,,2026-01-05T13:46:05.463284Z,"{""behavior_phase"":""stable""}"
d9a18a54-dac1-40dc-b0ae-9daa5e16582c,normal,,2026-01-05T13:47:19.450679Z,"{""behavior_phase"":""stable""}"
aab22008-25b6-4a68-a609-49ab059c8242,normal,,2026-01-05T13:48:56.415870Z,"{""behavior_phase"":""stable""}"
2ee6d7e8-92d0-4372-ac4c-903122c77b0c,normal,,2026-01-05T13:49:18.364102Z,"{""behavior_phase"":""stable""}"
ab28bffc-2114-451a-afe5-7e8441d58e23,normal,,2026-01-05T13:50:16.403112Z,"{""behavior_phase"":""stable""}"
45787db6-319a-45eb-8f1c-16751d22b57d,normal,,2026-01-05T14:03:24.592384Z,"{""behavior_phase"":""stable""}"
1030c983-d3e8-41d5-bdca-ec4c348e6a2a,normal,,2026-01-05T14:12:54.611304Z,"{""behavior_phase"":""stable""}"
82a7a6ff-0b67-433e-8a22-2fd40e793ded,normal,,2026-01-05T14:18:13.761114Z,"{""behavior_phase"":""stable""}"
c68eeff1-415b-4d6d-923c-52d70486f0b7,normal,,2026-01-05T14:23:06.953093Z,"{""behavior_phase"":""stable""}"
952155fd-2f6b-4520-b615-59a3f7fb6169,normal,,2026-01-05T14:30:57.699996Z,"{""behavior_phase"":""stable""}"
3cecc400-d7b5-4d45-a281-038bd1f83e4d,normal,,2026-01-05T14:36:28.884213Z,"{""behavior_phase"":""stable""}"
1ab60b39-aaaf-4e84-801a-285097d9a6dd,normal,,2026-01-05T14:38:43.192786Z,"{""behavior_phase"":""stable""}"
2447d4f4-4909-406b-9882-40fade78f5d9,normal,,2026-01-05T14:39:12.603048Z,"{""behavior_phase"":""stable""}"
415e5cb1-d4d2-4718-8e33-881b36d432bf,normal,,2026-01-05T14:41:21.194319Z,"{""behavior_phase"":""stable""}"
ad4fc19b-08c3-4b6b-8a73-842d95bdb11c,normal,,2026-01-05T14:55:21.580970Z,"{""behavior_phase"":""stable""}"
4ae88c11-5a1f-426c-8908-cb49ef546e49,normal,,2026-01-05T15:01:19.452411Z,"{""behavior_phase"":""stable""}"
0872c1f8-49e3-4f25-a722-95dbd8165daa,normal,,2026-01-05T15:03:53.795368Z,"{""behavior_phase"":""stable""}"
0b9b02d2-d875-49c9-a8a6-cf0d022fb63a,normal,,2026-01-05T15:09:59.945815Z,"{""behavior_phase"":""stable""}"
9d498d72-5b62-4bbb-8d71-a129cb9f0d99,normal,,2026-01-05T15:24:28.598730Z,"{""behavior_phase"":""stable""}"
c673ddb1-8a12-4a55-8d27-9d86b8225867,normal,,2026-01-05T15:25:34.911849Z,"{""behavior_phase"":""stable""}"
8cb58113-bbd0-4aad-8cdc-b5119db511b5,normal,,2026-01-05T15:33:16.871612Z,"{""behavior_phase"":""stable""}"
936d3092-c9e6-4b83-a0f6-bdedfe08201d,normal,,2026-01-05T15:40:41.856640Z,"{""behavior_phase"":""stable""}"
607a3ed8-9f08-4a7b-a9d2-b3450f9c0bf8,normal,,2026-01-05T15:43:55.331397Z,"{""behavior_phase"":""stable""}"
876f00c9-66ab-4adc-8b79-8b13eb4a6db1,normal,,2026-01-05T15:50:01.689829Z,"{""behavior_phase"":""stable""}"
347bdb47-653e-40fe-85a8-b6a1bb2c6a88,normal,,2026-01-05T15:54:13.688550Z,"{""behavior_phase"":""stable""}"
e7a00082-522e-474c-941e-c2f6500b7a4e,normal,,2026-01-05T15:58:39.433942Z,"{""behavior_phase"":""stable""}"
42a769c9-9d59-4b31-80eb-108bb407db1c,normal,,2026-01-05T16:02:27.643533Z,"{""behavior_phase"":""stable""}"
76c42b51-d741-4936-a80e-bac2eba523c0,normal,,2026-01-05T16:08:51.102367Z,"{""behavior_phase"":""stable""}"
5aca3822-51bc-4a45-a144-5e220e2ebe9d,normal,,2026-01-05T16:13:08.112267Z,"{""behavior_phase"":""stable""}"
2377584c-7da3-49c3-8696-c7236a9c44eb,normal,,2026-01-05T16:24:56.726378Z,"{""behavior_phase"":""stable""}"
5c710c33-2684-4dda-a24e-ae7c668f4f50,normal,,2026-01-05T16:26:19.206788Z,"{""behavior_phase"":""stable""}"
2363bea4-2a55-4369-bdef-a4840e6e6108,normal,,2026-01-05T16:32:50.986228Z,"{""behavior_phase"":""stable""}"
7d311dda-4f13-4cfb-8ec9-5334c9c66570,normal,,2026-01-05T16:39:47.187541Z,"{""behavior_phase"":""stable""}"
a3328756-cf6f-4b45-a099-dd2a8902a077,normal,,2026-01-05T17:00:05.366633Z,"{""behavior_phase"":""stable""}"
a1089653-6218-4314-9056-7a93a0f927ec,normal,,2026-01-05T17:09:18.218498Z,"{""behavior_phase"":""stable""}"
7e5eadfb-3fb7-4279-893e-e3473560dc51,normal,,2026-01-05T17:23:50.438085Z,"{""behavior_phase"":""stable""}"
e0ca364b-cd74-4650-ae2f-a3f9fc98d43c,normal,,2026-01-05T17:32:22.481850Z,"{""behavior_phase"":""stable""}"
d8237ff7-c0f7-451d-a5f4-fb4ed3ced078,normal,,2026-01-05T17:36:24.572547Z,"{""behavior_phase"":""stable""}"
777bcf05-cdc0-4dbc-a1f3-7d728c99476d,normal,,2026-01-05T17:39:10.793858Z,"{""behavior_phase"":""stable""}"
97b9cbe3-900c-40c9-812c-2f734a9185f3,normal,,2026-01-05T17:41:53.895685Z,"{""behavior_phase"":""stable""}"
ec62d75a-8e7e-4e57-82d3-3335027fb2b1,normal,,2026-01-05T17:44:23.652550Z,"{""behavior_phase"":""stable""}"
1e020f87-0fc6-4027-98fb-50bc0ec2aeea,normal,,2026-01-05T17:46:56.675403Z,"{""behavior_phase"":""stable""}"
7f1f4fd5-509b-49b4-8e09-4af281d5e228,normal,,2026-01-05T17:53:45.702726Z,"{""behavior_phase"":""stable""}"
affbcd21-ce44-4e65-a2d6-7abf11fd64cb,normal,,2026-01-05T17:53:50.121654Z,"{""behavior_phase"":""stable""}"
ca9d402e-0b28-48cd-bdab-f00923672ba8,normal,,2026-01-05T18:02:30.171288Z,"{""behavior_phase"":""stable""}"
2b71f0b9-a14b-4fc8-85fb-916c453b02c4,normal,,2026-01-05T18:02:30.242016Z,"{""behavior_phase"":""stable""}"
6dce7b0e-9aba-4341-b35c-62bb79ee5d96,normal,,2026-01-05T18:04:18.862814Z,"{""behavior_phase"":""stable""}"
d9645ad2-46c5-457d-bb1d-767938c2bfbe,normal,,2026-01-05T18:14:36.685546Z,"{""behavior_phase"":""stable""}"
89759b7d-2108-4a7a-b116-94bae41a3b65,normal,,2026-01-05T18:19:34.348998Z,"{""behavior_phase"":""stable""}"
b41e4959-36cd-4ae9-8fb9-83b15f4cba47,normal,,2026-01-05T18:22:06.489054Z,"{""behavior_phase"":""stable""}"
d7be31f5-3b55-49cb-8317-6325f73fe7ac,normal,,2026-01-05T18:27:34.607976Z,"{""behavior_phase"":""stable""}"
7ff853db-882e-4fc6-befc-cf34175474ba,normal,,2026-01-05T18:32:27.756396Z,"{""behavior_phase"":""stable""}"
f00b670d-f717-4128-82f5-7016f613707e,normal,,2026-01-05T18:48:10.802903Z,"{""behavior_phase"":""stable""}"
f195aea5-bf9d-4a29-a87e-587ecd2ee79e,normal,,2026-01-05T18:50:01.427260Z,"{""behavior_phase"":""stable""}"
d2a83110-2150-4694-b2e9-831f14a8d540,normal,,2026-01-05T18:59:27.741125Z,"{""behavior_phase"":""stable""}"
b7332d55-0dd0-49bc-94ad-1925e2871e1e,normal,,2026-01-05T19:09:38.633197Z,"{""behavior_phase"":""stable""}"
9cd004e0-4320-46c3-8c29-304afb16db7a,normal,,2026-01-05T19:10:03.492778Z,"{""behavior_phase"":""stable""}"
055e8250-8941-4fc2-a7c6-72e462624188,normal,,2026-01-05T19:16:16.257162Z,"{""behavior_phase"":""stable""}"
379244b3-1a16-465b-bf39-4ea0380ef046,normal,,2026-01-05T19:28:33.369290Z,"{""behavior_phase"":""stable""}"
4d143d6d-a25c-4062-bb85-8f93a2100cfc,normal,,2026-01-05T19:37:06.513047Z,"{""behavior_phase"":""stable""}"
1575bef7-cd06-45b1-8991-aca86ca58d33,normal,,2026-01-05T19:39:21.129120Z,"{""behavior_phase"":""stable""}"
7c02b187-0332-4669-a584-33dcaf91d92c,normal,,2026-01-05T19:44:37.765017Z,"{""behavior_phase"":""stable""}"
2a9cb559-92d7-4fa3-954f-f225d873f2a7,normal,,2026-01-05T19:58:42.339568Z,"{""behavior_phase"":""stable""}"
02585d7d-a2a0-40f2-a748-109f2cc8d728,normal,,2026-01-05T20:07:46.186115Z,"{""behavior_phase"":""stable""}"
949fa83f-81e9-43a0-8aff-f8f0c4046f15,normal,,2026-01-05T20:13:42.006767Z,"{""behavior_phase"":""stable""}"
2452fb95-49e6-4760-8b49-11aef896f852,normal,,2026-01-05T20:19:17.118861Z,"{""behavior_phase"":""stable""}"
cbe569be-44c9-406b-8d11-98e7cf840842,normal,,2026-01-05T20:31:23.161118Z,"{""behavior_phase"":""stable""}"
460c9e42-1053-4747-8b59-44199c36420d,normal,,2026-01-05T20:32:27.792232Z,"{""behavior_phase"":""stable""}"
29bcbb4b-354a-4de5-bb52-cfc7da78c553,normal,,2026-01-05T20:39:31.557328Z,"{""behavior_phase"":""stable""}"
6458614b-81f2-4041-8532-bb159dca70ca,normal,,2026-01-05T20:50:54.965215Z,"{""behavior_phase"":""stable""}"
a7d4fc5b-6e87-4ec9-b95a-89ddd9e0cf16,normal,,2026-01-05T21:05:57.707697Z,"{""behavior_phase"":""stable""}"
ad70e4c0-4870-45ca-a826-7adda6ca7b96,normal,,2026-01-05T21:21:12.298978Z,"{""behavior_phase"":""stable""}"
5166788a-1bfd-4378-b2ab-849613222f93,normal,,2026-01-05T21:32:53.677849Z,"{""behavior_phase"":""stable""}"
71447661-f225-4b0e-89f6-96c270d68775,normal,,2026-01-05T21:43:26.983447Z,"{""behavior_phase"":""stable""}"
30e1fa19-57b9-4bb0-843c-460924908f98,normal,,2026-01-05T21:58:37.597106Z,"{""behavior_phase"":""stable""}"
0935b3d9-2b23-4448-b43e-4c55f90b7120,normal,,2026-01-05T22:17:07.185946Z,"{""behavior_phase"":""stable""}"
a109ff12-716a-48dd-b04a-0aca4970aafb,normal,,2026-01-05T22:17:11.796006Z,"{""behavior_phase"":""stable""}"
c4e0067e-b1de-44e9-902a-27c27aed9b4b,normal,,2026-01-05T22:24:12.769272Z,"{""behavior_phase"":""stable""}"
1a9313fb-fe57-4f50-86a3-a3ac119cb0a8,normal,,2026-01-05T22:29:55.519930Z,"{""behavior_phase"":""stable""}"
ac417a10-0a8f-4406-8b21-3a8f7c4d6b9c,normal,,2026-01-05T22:31:33.128134Z,"{""behavior_phase"":""stable""}"
db03ca1b-c7c6-4276-8081-7c87428be91a,normal,,2026-01-05T22:35:34.647498Z,"{""behavior_phase"":""stable""}"
91c5cda8-d74f-453d-b725-1b0ae31b8ad9,normal,,2026-01-05T22:35:59.673331Z,"{""behavior_phase"":""stable""}"
956dc925-b9ea-44fa-8f1a-d0774497f15a,normal,,2026-01-05T22:37:32.442875Z,"{""behavior_phase"":""stable""}"
9bc9751e-59be-4bcb-8480-99fc4b61b55d,normal,,2026-01-05T22:38:26.223707Z,"{""behavior_phase"":""stable""}"
a3c6658e-7a92-4b3e-8010-f5e5c56bf122,normal,,2026-01-05T22:44:04.293369Z,"{""behavior_phase"":""stable""}"
60379195-4b0f-41af-9ddd-df3dfa575b16,normal,,2026-01-05T22:48:00.605793Z,"{""behavior_phase"":""stable""}"
676e4f9b-2e45-4c1b-a335-472fa69995a2,normal,,2026-01-05T22:48:05.420720Z,"{""behavior_phase"":""stable""}"
ddaaebff-a132-4d59-b85a-b985e0f6fe93,normal,,2026-01-05T22:50:44.331285Z,"{""behavior_phase"":""stable""}"
a0105632-2274-4e91-aeda-15af0b6a5622,normal,,2026-01-05T23:08:08.446987Z,"{""behavior_phase"":""stable""}"
93ee6ff2-3379-4a2e-8a9f-19c445c1dfcc,normal,,2026-01-05T23:10:25.268831Z,"{""behavior_phase"":""stable""}"
179a772a-7ab1-4c13-9b7d-5c2f08573852,normal,,2026-01-05T23:12:15.555682Z,"{""behavior_phase"":""stable""}"
52d202ea-9059-4481-a178-df473b4bb735,normal,,2026-01-05T23:19:02.690246Z,"{""behavior_phase"":""stable""}"
9ca825fd-a5bd-4368-9ee8-437a8330e57d,normal,,2026-01-05T23:23:22.804182Z,"{""behavior_phase"":""stable""}"
e5c27332-d53c-47a8-9c20-feb1637a9190,normal,,2026-01-05T23:29:54.268233Z,"{""behavior_phase"":""stable""}"
de7e5766-f8b0-4155-a47d-d62e3f3de6d3,normal,,2026-01-05T23:31:24.955584Z,"{""behavior_phase"":""stable""}"
39a93609-4e1f-4686-8b17-1511b9b3b073,normal,,2026-01-05T23:33:07.904673Z,"{""behavior_phase"":""stable""}"
58365364-9ee7-463c-96e0-62f18e9e63ff,normal,,2026-01-05T23:42:21.450676Z,"{""behavior_phase"":""stable""}"
fbd00087-c6c5-4dc6-b7e3-afd74627accd,normal,,2026-01-05T23:46:24.809499Z,"{""behavior_phase"":""stable""}"
826b00ef-0cb2-4282-a466-db27500675a7,normal,,2026-01-05T23:54:43.611856Z,"{""behavior_phase"":""stable""}"
e662f473-2e5e-450a-bedd-408e21e3496c,normal,,2026-01-05T23:56:34.173509Z,"{""behavior_phase"":""stable""}"
c8bc8340-b09d-468d-ba83-a4243d72f1e0,normal,,2026-01-06T00:00:35.039456Z,"{""behavior_phase"":""stable""}"
ebb3de17-d0c9-49da-8426-db156b698baf,normal,,2026-01-06T00:03:03.460643Z,"{""behavior_phase"":""stable""}"
02fd2b3d-af51-4283-baf9-0723aa5b0616,normal,,2026-01-06T00:03:57.716558Z,"{""behavior_phase"":""stable""}"
cd9e2831-3a1a-4060-94e2-bcb7848fc962,normal,,2026-01-06T00:05:23.164770Z,"{""behavior_phase"":""stable""}"
986cf607-7a46-4afc-a14d-132299efde68,normal,,2026-01-06T00:05:53.839037Z,"{""behavior_phase"":""stable""}"
b95638e6-4d55-4bae-988d-5e14c5c23b23,normal,,2026-01-06T00:08:19.870697Z,"{""behavior_phase"":""stable""}"
1fdc02a9-8426-488b-a489-134fba21a0b8,normal,,2026-01-06T00:12:22.853107Z,"{""behavior_phase"":""stable""}"
7c54afcd-6e96-490c-8486-bd482439e017,normal,,2026-01-06T00:12:51.536993Z,"{""behavior_phase"":""stable""}"
21a34f22-3cca-47da-9224-bff6426fe0d6,normal,,2026-01-06T00:13:13.893829Z,"{""behavior_phase"":""stable""}"
d1db5e0c-0199-4765-9014-efad4dbbe4d1,normal,,2026-01-06T00:16:37.657900Z,"{""behavior_phase"":""stable""}"
266985cf-74e1-49d9-8258-b5333fe0e1e3,normal,,2026-01-06T00:21:33.140896Z,"{""behavior_phase"":""stable""}"
b183ffb9-3b74-4a54-abd2-9331e2c24dca,normal,,2026-01-06T00:36:08.336246Z,"{""behavior_phase"":""stable""}"
891a68c7-39df-499a-94bb-111f3868b028,normal,,2026-01-06T00:37:28.483765Z,"{""behavior_phase"":""stable""}"
91f8ec13-06f2-4812-b19d-7426fd7294d6,normal,,2026-01-06T00:41:27.799865Z,"{""behavior_phase"":""stable""}"
5481c65c-1e64-4244-915b-1a29092b41b4,normal,,2026-01-06T00:41:48.219931Z,"{""behavior_phase"":""stable""}"
7842f467-4382-4973-a8f2-553ce68b177b,normal,,2026-01-06T00:46:08.763407Z,"{""behavior_phase"":""stable""}"
0812b012-e555-4050-a6c8-080214d53d1e,normal,,2026-01-06T00:49:03.932933Z,"{""behavior_phase"":""stable""}"
4e84dc58-a469-4b24-8d26-6e75bc9c3a2a,normal,,2026-01-06T01:00:15.474740Z,"{""behavior_phase"":""stable""}"
6f71750e-56ad-499e-a8b2-2422fb049e2d,normal,,2026-01-06T01:04:15.436704Z,"{""behavior_phase"":""stable""}"
849841ae-72e8-4145-8c08-4c081c57d84c,normal,,2026-01-06T01:14:14.871572Z,"{""behavior_phase"":""stable""}"
fa04bfae-e186-4b42-aed5-f7915b1a65df,normal,,2026-01-06T01:15:26.568402Z,"{""behavior_phase"":""stable""}"
d99b9645-1357-4965-8422-83e9c74f51b4,normal,,2026-01-06T01:16:44.077506Z,"{""behavior_phase"":""stable""}"
6ff995cb-e724-4b1b-a8b1-7d88e3fabb2b,normal,,2026-01-06T01:24:57.460356Z,"{""behavior_phase"":""stable""}"
1bde1f54-ff24-468e-b795-f98d6245193d,normal,,2026-01-06T01:26:39.899393Z,"{""behavior_phase"":""stable""}"
869bf6f6-57ae-4e7a-8675-eea2e9ab26ec,normal,,2026-01-06T01:28:47.637846Z,"{""behavior_phase"":""stable""}"
130c30c0-30e4-4c1c-9250-0e744113ac30,normal,,2026-01-06T01:32:02.526010Z,"{""behavior_phase"":""stable""}"
b8f05245-8ee3-44aa-8630-6318e563be2e,normal,,2026-01-06T01:40:25.891346Z,"{""behavior_phase"":""stable""}"
b9113944-8605-4f08-860a-f4a0132b26f3,normal,,2026-01-06T01:42:39.394020Z,"{""behavior_phase"":""stable""}"
ea543053-e34d-4d57-8596-51794823281a,normal,,2026-01-06T02:02:00.683290Z,"{""behavior_phase"":""stable""}"
3a1dfd97-24c5-447b-8f12-e54c61340eb8,normal,,2026-01-06T02:04:59.032474Z,"{""behavior_phase"":""stable""}"
97849158-9fb8-4b74-a27b-38e538ba2216,normal,,2026-01-06T02:13:48.681395Z,"{""behavior_phase"":""stable""}"
ee38a78c-ab04-4cb7-abd4-9f9ae4e01686,normal,,2026-01-06T02:15:19.511238Z,"{""behavior_phase"":""stable""}"
c8e0dcdd-c030-4eb4-892f-2cc94c0cbafa,normal,,2026-01-06T02:15:28.328490Z,"{""behavior_phase"":""stable""}"
12346b2f-2e9c-433d-8197-32fb7336f93d,normal,,2026-01-06T02:17:29.918598Z,"{""behavior_phase"":""stable""}"
4abff1b8-e7fa-4a52-953d-a461f9a2f56c,normal,,2026-01-06T02:27:27.602675Z,"{""behavior_phase"":""stable""}"
180805d7-cc65-4fe7-b1bb-15d460d61cee,normal,,2026-01-06T02:33:14.167699Z,"{""behavior_phase"":""stable""}"
cbcc0675-1aa0-4335-9af6-96d4bbd71c78,normal,,2026-01-06T02:38:55.817086Z,"{""behavior_phase"":""stable""}"
3b94d525-5bbc-4e99-bb5d-168709447f68,normal,,2026-01-06T02:39:56.434874Z,"{""behavior_phase"":""stable""}"
71e09b9e-2119-4e9e-a5ce-5675f0b54133,normal,,2026-01-06T02:40:11.985957Z,"{""behavior_phase"":""stable""}"
4467b262-f146-47dd-ae96-466dc323bcc5,normal,,2026-01-06T02:43:35.379952Z,"{""behavior_phase"":""stable""}"
6fa72e22-8bc4-493f-8509-51711a93ed87,normal,,2026-01-06T02:52:14.480911Z,"{""behavior_phase"":""stable""}"
573cfad2-d7f2-46c1-bca1-3cdc07dad8ce,normal,,2026-01-06T02:59:50.951565Z,"{""behavior_phase"":""stable""}"
ba540db9-d1ef-4bad-97f5-4304277e77f3,normal,,2026-01-06T03:10:49.390837Z,"{""behavior_phase"":""stable""}"
2927c8df-6460-4fa1-9cd1-d2aa0d159888,normal,,2026-01-06T03:14:36.318343Z,"{""behavior_phase"":""stable""}"
0187f686-2cb6-4693-9522-7c21fbd1b6a5,normal,,2026-01-06T03:18:52.155608Z,"{""behavior_phase"":""stable""}"
e13793fe-72e3-47dd-8575-825b5e0e1840,normal,,2026-01-06T03:25:43.203511Z,"{""behavior_phase"":""stable""}"
c379ab63-268e-4243-82ed-1c250fe4d02f,normal,,2026-01-06T03:31:29.547741Z,"{""behavior_phase"":""stable""}"
39292ec0-e5a8-49aa-b71f-a75c3a3e5801,normal,,2026-01-06T03:31:40.697091Z,"{""behavior_phase"":""stable""}"
990cbdca-0fda-41f5-be9d-564a66a63e48,normal,,2026-01-06T03:34:41.094169Z,"{""behavior_phase"":""stable""}"
14e39ad7-1ff7-4a08-9274-527bcf7605e5,normal,,2026-01-06T03:36:11.399281Z,"{""behavior_phase"":""stable""}"
ab312872-7965-4962-8123-f8b1895c46b9,normal,,2026-01-06T03:36:20.976793Z,"{""behavior_phase"":""stable""}"
665a413f-bd80-4b56-ad0e-6c3218df7a33,normal,,2026-01-06T03:43:35.315390Z,"{""behavior_phase"":""stable""}"
04eda48b-cebf-4045-bcd5-d8831dbc536a,normal,,2026-01-06T03:43:41.089461Z,"{""behavior_phase"":""stable""}"
378be636-e623-4c80-9e55-2cab4318e494,normal,,2026-01-06T03:44:15.238240Z,"{""behavior_phase"":""stable""}"
b1b46242-f7d4-4578-9ab1-82d36bbac409,normal,,2026-01-06T03:47:08.092941Z,"{""behavior_phase"":""stable""}"
1d5c9787-255f-459b-a2a0-4b1940dc3c5d,normal,,2026-01-06T03:49:25.254021Z,"{""behavior_phase"":""stable""}"
3a833462-8075-4ae9-9a60-0afbb1c1df87,normal,,2026-01-06T04:07:10.408370Z,"{""behavior_phase"":""stable""}"
ea64fc16-2a7d-4021-972d-393385e290d5,normal,,2026-01-06T04:07:11.046700Z,"{""behavior_phase"":""stable""}"
cc526989-8e34-4e8f-8138-ec5b9c0aecaa,normal,,2026-01-06T04:08:40.612282Z,"{""behavior_phase"":""stable""}"
4a9479e9-9d49-45b2-a43d-e3764cade428,normal,,2026-01-06T04:09:34.842029Z,"{""behavior_phase"":""stable""}"
4a1966ba-2384-49fb-b787-0ada7e18d287,normal,,2026-01-06T04:13:09.749202Z,"{""behavior_phase"":""stable""}"
20e604bb-e1ee-4aa8-ba87-4c2bcfdc0c14,normal,,2026-01-06T04:14:20.156125Z,"{""behavior_phase"":""stable""}"
c6b6b1f3-a82b-464e-a15e-db7654815432,normal,,2026-01-06T04:17:46.017570Z,"{""behavior_phase"":""stable""}"
b2b208c8-a816-499b-9ac2-12641ccd4bfa,normal,,2026-01-06T04:22:59.164661Z,"{""behavior_phase"":""stable""}"
04e59df1-4c01-4cb0-a3ab-a0817ba32a30,normal,,2026-01-06T04:30:18.438584Z,"{""behavior_phase"":""stable""}"
e098ddeb-4449-44e3-b1ba-9eb5d3cbe328,normal,,2026-01-06T04:30:37.428225Z,"{""behavior_phase"":""stable""}"
147b07ce-29b1-416c-a71b-e10e164076a3,normal,,2026-01-06T04:45:03.384208Z,"{""behavior_phase"":""stable""}"
f29e39c7-0d83-4aa0-acdc-676515942513,normal,,2026-01-06T04:53:16.308151Z,"{""behavior_phase"":""stable""}"
e92d6675-7421-41f8-91cb-ce7da35d9616,normal,,2026-01-06T05:02:22.373343Z,"{""behavior_phase"":""stable""}"
143b6384-f0a5-44d9-97d7-b16a50fff64e,normal,,2026-01-06T05:14:35.187545Z,"{""behavior_phase"":""stable""}"
1776ba92-b541-4125-a731-5a793f1bfe5a,normal,,2026-01-06T05:20:05.266152Z,"{""behavior_phase"":""stable""}"
15a77590-0f51-476b-accc-77eb2b7cf1e2,normal,,2026-01-06T05:29:27.572624Z,"{""behavior_phase"":""stable""}"
f4c476fa-b87c-497f-9294-071a3d3f9ed1,normal,,2026-01-06T05:33:18.445948Z,"{""behavior_phase"":""stable""}"
c346c337-ae2b-48aa-9c92-836e02ae6c26,normal,,2026-01-06T05:54:19.681609Z,"{""behavior_phase"":""stable""}"
4223b373-9b84-43da-b599-c05e51468f61,normal,,2026-01-06T05:57:48.276275Z,"{""behavior_phase"":""stable""}"
e40ce079-2b7f-4db0-8e2b-d02bfe74fed2,normal,,2026-01-06T05:59:11.624030Z,"{""behavior_phase"":""stable""}"
c69525c1-e58c-4697-9455-a61c0fc3ef29,normal,,2026-01-06T06:13:30.897152Z,"{""behavior_phase"":""stable""}"
a15cb2d0-e0d4-493d-a0f4-072c2ed7dd8f,normal,,2026-01-06T06:15:09.180726Z,"{""behavior_phase"":""stable""}"
22d7f441-f232-4850-9f95-2667bdbc7985,normal,,2026-01-06T06:15:34.052684Z,"{""behavior_phase"":""stable""}"
1b4ebba3-ef0f-460c-95c7-fc187052f902,normal,,2026-01-06T06:16:59.173961Z,"{""behavior_phase"":""stable""}"
e2966a3c-ee98-422f-940a-4639425de4aa,normal,,2026-01-06T06:17:31.221605Z,"{""behavior_phase"":""stable""}"
d3bbb753-af95-44ac-9387-3e6f482b3cbd,normal,,2026-01-06T06:18:37.090107Z,"{""behavior_phase"":""stable""}"
4a309641-97e3-4254-8773-0d296911287a,normal,,2026-01-06T06:18:41.069690Z,"{""behavior_phase"":""stable""}"
adde6a98-0f9c-46e8-b98f-1ff04d3fd0f3,normal,,2026-01-06T06:25:22.484237Z,"{""behavior_phase"":""stable""}"
023f19c1-f8f8-4474-8d49-9dd0f48e1d70,normal,,2026-01-06T06:36:20.692296Z,"{""behavior_phase"":""stable""}"
ff9490a4-5d13-42d7-8d60-64ab5f65cb6a,normal,,2026-01-06T06:38:10.760295Z,"{""behavior_phase"":""stable""}"
741b6644-e3ac-4113-b11c-b66e95b12d5c,normal,,2026-01-06T06:42:03.926047Z,"{""behavior_phase"":""stable""}"
1d8fa110-373f-4755-b9c5-e0cbfab60684,normal,,2026-01-06T06:47:13.028596Z,"{""behavior_phase"":""stable""}"
5f7d896e-f6d3-42a3-a186-8b4ae1330b43,normal,,2026-01-06T06:49:05.542132Z,"{""behavior_phase"":""stable""}"
b8023026-695b-4953-87cb-736f41fbd79b,normal,,2026-01-06T06:52:40.438326Z,"{""behavior_phase"":""stable""}"
789f5a02-bfe8-49db-b178-650a39819d58,normal,,2026-01-06T07:19:56.354423Z,"{""behavior_phase"":""stable""}"
93c8e7c6-9d9d-41ac-a258-3a10bdf24d29,normal,,2026-01-06T07:23:37.332833Z,"{""behavior_phase"":""stable""}"
30272a12-2966-4c75-ae94-885cea710f08,normal,,2026-01-06T07:30:12.748606Z,"{""behavior_phase"":""stable""}"
8af2c7e9-4c07-4514-8ec9-e2bb376b0bae,normal,,2026-01-06T07:32:18.190727Z,"{""behavior_phase"":""stable""}"
d8d4ced6-7ae3-4a0f-9d0b-1e6082ca7559,normal,,2026-01-06T07:32:46.646484Z,"{""behavior_phase"":""stable""}"
0006638d-8020-4248-89bb-ed7c29f7cfa2,normal,,2026-01-06T07:37:43.371886Z,"{""behavior_phase"":""stable""}"
0d1dcad0-70c3-4835-9dce-42903cea8472,normal,,2026-01-06T07:41:54.727380Z,"{""behavior_phase"":""stable""}"
2d244bda-bca7-4af2-b3f4-e0fb331d335e,normal,,2026-01-06T07:49:33.414212Z,"{""behavior_phase"":""stable""}"
578b430f-d937-43d3-88f1-034c43338e61,normal,,2026-01-06T07:50:43.840783Z,"{""behavior_phase"":""stable""}"
9ba80240-33b1-44f8-8b7e-b9b5c6f074fb,normal,,2026-01-06T07:51:30.312528Z,"{""behavior_phase"":""stable""}"
722768e8-32ef-43b7-b9c0-4ff0327d7456,normal,,2026-01-06T07:51:35.747521Z,"{""behavior_phase"":""stable""}"
4bd00822-bbd5-4d63-80d8-7efe45968e8a,normal,,2026-01-06T07:52:07.197192Z,"{""behavior_phase"":""stable""}"
6191f5e9-1bb7-427f-ad97-59ad8a49275f,normal,,2026-01-06T07:58:52.618810Z,"{""behavior_phase"":""stable""}"
82d6e0bd-2216-460b-b910-f4047d6c0e2e,normal,,2026-01-06T08:02:20.248695Z,"{""behavior_phase"":""stable""}"
989c09e8-8f7f-4fa2-a779-5687d3903c1d,normal,,2026-01-06T08:04:50.166074Z,"{""behavior_phase"":""stable""}"
d80b4972-9f59-46a5-adb8-7ebe71e91753,normal,,2026-01-06T08:05:47.198632Z,"{""behavior_phase"":""stable""}"
162fa1f3-e89d-4925-a117-dd54429761b6,normal,,2026-01-06T08:07:13.796934Z,"{""behavior_phase"":""stable""}"
950019e7-d4dc-4b69-b4b5-f59986e7676f,normal,,2026-01-06T08:07:57.485439Z,"{""behavior_phase"":""stable""}"
17e2ffc6-59d5-45bf-8eae-5a240a76f0de,normal,,2026-01-06T08:08:39.687345Z,"{""behavior_phase"":""stable""}"
ae43a066-74d5-4167-ac5e-f626e32b6985,normal,,2026-01-06T08:11:24.313590Z,"{""behavior_phase"":""stable""}"
dcf2d035-9ec5-4cc9-b077-e3772a5c4eff,normal,,2026-01-06T08:12:36.191415Z,"{""behavior_phase"":""stable""}"
9ee5fac4-561e-4ec3-bc20-4ec573be9956,normal,,2026-01-06T08:14:53.344674Z,"{""behavior_phase"":""stable""}"
447c4702-d451-47a2-909e-25c6a33fbda5,normal,,2026-01-06T08:18:42.197281Z,"{""behavior_phase"":""stable""}"
df3ec7f5-49fa-4b63-8caf-a6835db179df,normal,,2026-01-06T08:18:59.028756Z,"{""behavior_phase"":""stable""}"
0f1d96d3-21af-4095-b9cc-9b706fda8b8c,normal,,2026-01-06T08:19:47.269279Z,"{""behavior_phase"":""stable""}"
441e8f0d-8a9d-4292-9669-9f2200440236,normal,,2026-01-06T08:23:45.618976Z,"{""behavior_phase"":""stable""}"
b43ec592-c80a-4561-a909-1a1215a2b525,normal,,2026-01-06T08:27:12.406499Z,"{""behavior_phase"":""stable""}"
7a205dba-f7e7-45d0-abaa-e80b12607917,normal,,2026-01-06T08:36:49.308879Z,"{""behavior_phase"":""stable""}"
c6772baa-e97b-4b49-8810-e1e2f075c2ce,normal,,2026-01-06T08:39:37.477588Z,"{""behavior_phase"":""stable""}"
814aa323-9cb3-43b8-af76-e5c0f1d40c3d,normal,,2026-01-06T08:40:26.724641Z,"{""behavior_phase"":""stable""}"
574cd42b-4639-4447-b202-dd60d106c0c0,normal,,2026-01-06T08:41:31.561981Z,"{""behavior_phase"":""stable""}"
dc5717d8-5607-4446-9abf-bfe44c83f98f,normal,,2026-01-06T08:41:44.551470Z,"{""behavior_phase"":""stable""}"
611982d0-2fc9-49d7-aed3-04dee434ed7a,normal,,2026-01-06T08:47:43.966187Z,"{""behavior_phase"":""stable""}"
c05d2281-c549-4910-8834-b3476df47199,normal,,2026-01-06T08:48:39.560586Z,"{""behavior_phase"":""stable""}"
3a213083-3080-409f-962e-e7f2140aec91,normal,,2026-01-06T08:59:48.486964Z,"{""behavior_phase"":""stable""}"
b6374831-ffdd-4ae4-a97b-d96c1113a896,normal,,2026-01-06T09:01:10.368939Z,"{""behavior_phase"":""stable""}"
1cbb811d-e8ee-4c6d-8fe9-74ec384e98cb,normal,,2026-01-06T09:04:22.374962Z,"{""behavior_phase"":""stable""}"
9836b298-878b-4ea3-bcad-e53d0da1c92d,normal,,2026-01-06T09:12:28.778066Z,"{""behavior_phase"":""stable""}"
f17f73b2-ff2e-4e8c-882a-26981536010f,normal,,2026-01-06T09:17:23.070896Z,"{""behavior_phase"":""stable""}"
69729265-0485-481f-9b4b-1142127f3cba,normal,,2026-01-06T09:24:09.513740Z,"{""behavior_phase"":""stable""}"
4daf1698-038a-4397-b4c8-85f8cf2eda04,normal,,2026-01-06T09:26:03.171833Z,"{""behavior_phase"":""stable""}"
b769642b-ef80-40b4-a21a-edc99b3e6fbf,normal,,2026-01-06T09:29:12.169148Z,"{""behavior_phase"":""stable""}"
e33bde8d-6ce1-46ef-9658-f4b5d23e966b,normal,,2026-01-06T09:33:18.529947Z,"{""behavior_phase"":""stable""}"
ec5ef658-4263-4ed2-bb01-d56a48f6f691,normal,,2026-01-06T09:33:32.541616Z,"{""behavior_phase"":""stable""}"
55b47e12-8e6c-460e-9376-d9c6ada88951,normal,,2026-01-06T09:36:06.357432Z,"{""behavior_phase"":""stable""}"
419620e9-b642-4977-b9b7-acdf2af64da6,normal,,2026-01-06T09:37:32.753480Z,"{""behavior_phase"":""stable""}"
3d3e8f34-5e41-42d5-8421-b6316d6fc96a,normal,,2026-01-06T09:45:22.887639Z,"{""behavior_phase"":""stable""}"
f0d31642-e833-46ab-80db-aa58175a41cb,normal,,2026-01-06T09:54:55.334766Z,"{""behavior_phase"":""stable""}"
cd37869f-3c60-4754-81b1-59f728d91a38,normal,,2026-01-06T09:55:33.533536Z,"{""behavior_phase"":""stable""}"
d44c7599-3c81-46d9-b38c-41ef86dee786,normal,,2026-01-06T09:57:03.685664Z,"{""behavior_phase"":""stable""}"
b1844b3e-10f3-4238-8bad-b80abbd29363,normal,,2026-01-06T09:57:37.926388Z,"{""behavior_phase"":""stable""}"
f71699a5-b302-457d-8535-5a1ac9e21fc3,normal,,2026-01-06T10:00:43.353726Z,"{""behavior_phase"":""stable""}"
5db710a9-36f2-4c83-af15-4e11e42b1962,normal,,2026-01-06T10:00:59.580234Z,"{""behavior_phase"":""stable""}"
d51e748b-5392-4566-9688-3215cb0bb49f,normal,,2026-01-06T10:14:28.016471Z,"{""behavior_phase"":""stable""}"
d28ab0bd-ec9e-4b25-989b-217b440877ee,normal,,2026-01-06T10:14:58.243511Z,"{""behavior_phase"":""stable""}"
c2672dc5-61d4-4172-9e62-024e32ec1cd6,normal,,2026-01-06T10:23:59.678561Z,"{""behavior_phase"":""stable""}"
f5ea863f-a7b7-4d03-b53b-8ddddc718e7e,normal,,2026-01-06T10:24:16.145178Z,"{""behavior_phase"":""stable""}"
689fea58-ec45-4781-9d90-b08767b55061,normal,,2026-01-06T10:26:52.694202Z,"{""behavior_phase"":""stable""}"
b5c3c4de-bee0-4bad-a584-1a15fc959547,normal,,2026-01-06T10:27:22.730628Z,"{""behavior_phase"":""stable""}"
13335659-34b4-4391-af0a-5e3318942a4e,normal,,2026-01-06T10:38:07.911050Z,"{""behavior_phase"":""stable""}"
d894badf-67c6-4202-b954-e35524daba20,normal,,2026-01-06T10:40:51.039616Z,"{""behavior_phase"":""stable""}"
6fcff20b-6a09-41b4-b187-9f627eae5551,normal,,2026-01-06T10:41:17.289099Z,"{""behavior_phase"":""stable""}"
fedaafde-e74a-4e79-8152-1ccbb0865560,normal,,2026-01-06T10:49:15.519440Z,"{""behavior_phase"":""stable""}"
4f943b6c-0c69-4e2f-9ee0-5ad37c434386,normal,,2026-01-06T10:52:24.800605Z,"{""behavior_phase"":""stable""}"
32461be5-3102-49e8-b155-0009769c6cba,normal,,2026-01-06T11:01:07.747178Z,"{""behavior_phase"":""stable""}"
0a36bdbd-f0df-4138-9b14-4761a13813cd,normal,,2026-01-06T11:01:08.442534Z,"{""behavior_phase"":""stable""}"
a45cc072-e8de-4559-b1dd-35c7aee1b427,normal,,2026-01-06T11:01:47.962905Z,"{""behavior_phase"":""stable""}"
af667564-f495-4bd5-8919-0435381f15b7,normal,,2026-01-06T11:11:12.087854Z,"{""behavior_phase"":""stable""}"
bd76c12a-5830-4f4d-96ea-0816dbfd7c50,normal,,2026-01-06T11:12:30.765375Z,"{""behavior_phase"":""stable""}"
16803e1f-dfe1-403c-b37e-fd520a1342a7,normal,,2026-01-06T11:14:06.662214Z,"{""behavior_phase"":""stable""}"
075b04a6-693b-4d85-8886-455069d1d2b8,insider_drift,dbd81d0e-8335-44de-8183-ff944b1b86b4,2026-01-06T11:24:39.728408Z,"{""campaign_size"":4,""campaign_step"":1}"
508e80c9-bee3-4c3a-81ae-4a029bcc6dba,normal,,2026-01-06T11:27:18.331145Z,"{""behavior_phase"":""stable""}"
be412800-1910-442b-b6c9-3b4609809164,normal,,2026-01-06T11:29:37.837796Z,"{""behavior_phase"":""stable""}"
3cf837df-1845-4de1-b6f8-03353826267e,normal,,2026-01-06T11:41:01.604822Z,"{""behavior_phase"":""stable""}"
2dc9b028-5f0f-4659-ab5d-d2aef68dd692,normal,,2026-01-06T11:43:05.241249Z,"{""behavior_phase"":""stable""}"
82fd6db6-9ea8-4f3d-a1a4-f9458849205f,normal,,2026-01-06T11:47:28.276759Z,"{""behavior_phase"":""stable""}"
68944428-ec56-4bbc-9899-fc196fc29e02,normal,,2026-01-06T11:59:36.956175Z,"{""behavior_phase"":""stable""}"
1cd09b6f-46d6-4b03-90d0-23db358cbe9a,normal,,2026-01-06T12:06:39.902801Z,"{""behavior_phase"":""stable""}"
b70f53f3-5f07-4811-bd44-61197d1befc7,normal,,2026-01-06T12:10:25.203466Z,"{""behavior_phase"":""stable""}"
99d2ab17-6d2b-4e2d-b7ed-3deff6ccdcec,normal,,2026-01-06T12:11:48.218308Z,"{""behavior_phase"":""stable""}"
e6d3c6e0-5b00-4175-8b08-f1a2c7ec4976,normal,,2026-01-06T12:16:02.842799Z,"{""behavior_phase"":""stable""}"
4ad2a265-c3a6-4446-9da0-b4b429da3779,normal,,2026-01-06T12:20:56.331511Z,"{""behavior_phase"":""stable""}"
ab14c381-669f-44de-a2ff-da52ff041548,normal,,2026-01-06T12:25:53.823490Z,"{""behavior_phase"":""stable""}"
0eed543e-ff0c-44d6-b578-0441d0d1e21c,normal,,2026-01-06T12:30:06.447211Z,"{""behavior_phase"":""stable""}"
79520e2b-9ea8-478a-b3bb-1ef1b92565b5,normal,,2026-01-06T12:37:02.773459Z,"{""behavior_phase"":""stable""}"
fa274f3f-2234-4060-83bf-a4c68f9954d0,normal,,2026-01-06T12:39:01.249048Z,"{""behavior_phase"":""stable""}"
8bb814c7-b944-42e6-a8e8-030096f053dd,normal,,2026-01-06T12:39:21.714126Z,"{""behavior_phase"":""stable""}"
f5cfa4b4-14ab-4380-9deb-6e1eb98ab1cc,normal,,2026-01-06T13:00:41.301979Z,"{""behavior_phase"":""stable""}"
a5a42643-9738-4905-8e48-ad4c8c61da5d,normal,,2026-01-06T13:09:01.249348Z,"{""behavior_phase"":""stable""}"
9d286a85-0458-4d50-ba4a-be37d9b414fc,normal,,2026-01-06T13:10:52.420756Z,"{""behavior_phase"":""stable""}"
b8fbe70b-50ba-4d95-b983-502148bdfa60,normal,,2026-01-06T13:13:01.337059Z,"{""behavior_phase"":""stable""}"
e74a04ae-7580-4364-9610-a2d7e2fe656c,normal,,2026-01-06T13:17:20.891057Z,"{""behavior_phase"":""stable""}"
2eecbab7-e450-4d58-bc9b-489d5d1d5233,normal,,2026-01-06T13:23:18.985748Z,"{""behavior_phase"":""stable""}"
33d448d2-4804-4cd5-aa69-d2970cb7b4e0,normal,,2026-01-06T13:28:00.084679Z,"{""behavior_phase"":""stable""}"
3ced05b2-2457-4c8b-bd8e-592ef21877c7,normal,,2026-01-06T13:33:52.859206Z,"{""behavior_phase"":""stable""}"
65734456-85d6-4764-b122-bdb8b3eaacc9,normal,,2026-01-06T13:34:31.080340Z,"{""behavior_phase"":""stable""}"
9bceea68-35bc-4544-a113-ef410ae64778,normal,,2026-01-06T14:04:48.251874Z,"{""behavior_phase"":""stable""}"
14c908a1-e024-4e49-b49a-ddc54b5a8e87,normal,,2026-01-06T14:22:53.851526Z,"{""behavior_phase"":""stable""}"
9bdf6b05-cb0b-4c2f-beb1-88ffbc366df0,normal,,2026-01-06T14:26:39.552621Z,"{""behavior_phase"":""stable""}"
abb22fb8-2c06-4cc1-81dc-56469cb2d92b,normal,,2026-01-06T14:28:22.748021Z,"{""behavior_phase"":""stable""}"
1a28e763-a37f-4469-ae1f-09c7c328b7c8,normal,,2026-01-06T14:33:20.132452Z,"{""behavior_phase"":""stable""}"
ab52c7a5-b75f-40e6-a586-c6bed6c757dc,normal,,2026-01-06T14:34:09.100296Z,"{""behavior_phase"":""stable""}"
4223570a-b6a8-4c99-8b94-21ce631fb13c,normal,,2026-01-06T14:56:50.075531Z,"{""behavior_phase"":""stable""}"
af3f7c65-f4b0-473a-8a82-db3bd382334b,normal,,2026-01-06T15:02:24.515553Z,"{""behavior_phase"":""stable""}"
7c659077-12d8-4a09-81a4-9d4ab6542c88,normal,,2026-01-06T15:04:09.579123Z,"{""behavior_phase"":""stable""}"
6901a24f-9cad-4014-bd87-6fd69a313f71,normal,,2026-01-06T15:06:33.908387Z,"{""behavior_phase"":""stable""}"
aa7efc7d-5e66-46ac-8737-683dd735c074,normal,,2026-01-06T15:06:55.544609Z,"{""behavior_phase"":""stable""}"
6c075bb6-0f2c-454f-b68e-5ff9f2186a51,normal,,2026-01-06T15:09:11.125088Z,"{""behavior_phase"":""stable""}"
f2f4fcfd-994d-444c-ac14-ee34fddb02fa,normal,,2026-01-06T15:14:44.399916Z,"{""behavior_phase"":""stable""}"
e8fe22ec-55c7-44dc-bebc-7dc93b95babd,normal,,2026-01-06T15:15:22.157486Z,"{""behavior_phase"":""stable""}"
fbe5595c-4f7e-4a65-ba19-b9bb7a600436,normal,,2026-01-06T15:16:58.575299Z,"{""behavior_phase"":""stable""}"
62566882-ed16-4887-be5f-725868709bc9,normal,,2026-01-06T15:17:24.698719Z,"{""behavior_phase"":""stable""}"
1c418dc9-4b91-4737-96d3-1bb98dd16f84,normal,,2026-01-06T15:18:16.071013Z,"{""behavior_phase"":""stable""}"
33fc59f9-431a-4caa-bdc7-8c637a7d9bec,normal,,2026-01-06T15:19:20.580535Z,"{""behavior_phase"":""stable""}"
6519f82e-6ce9-43bc-9f53-b66953bde8c1,normal,,2026-01-06T15:20:16.977108Z,"{""behavior_phase"":""stable""}"
a02a8300-76a8-42e4-b78b-4faff2acac90,normal,,2026-01-06T15:25:49.050785Z,"{""behavior_phase"":""stable""}"
baf7cc89-7d1f-4415-b078-02df0438cbf9,normal,,2026-01-06T15:33:33.976161Z,"{""behavior_phase"":""stable""}"
84e7615c-8523-4489-a21e-e8ce828ccbe1,normal,,2026-01-06T15:42:54.653403Z,"{""behavior_phase"":""stable""}"
eead375a-4479-4f13-8dc3-718773946d66,normal,,2026-01-06T15:49:38.551971Z,"{""behavior_phase"":""stable""}"
cce10d41-3b2c-4678-b09e-0bfb9073867d,normal,,2026-01-06T15:54:58.241476Z,"{""behavior_phase"":""stable""}"
df2a1cc9-badb-497f-b64b-7fc99334eba1,normal,,2026-01-06T15:59:12.842326Z,"{""behavior_phase"":""stable""}"
f9715480-8311-47d5-a27f-e5594a24964b,normal,,2026-01-06T16:02:38.702482Z,"{""behavior_phase"":""stable""}"
3785842b-94bf-4f15-9d06-f30bc01c5578,normal,,2026-01-06T16:17:35.983068Z,"{""behavior_phase"":""stable""}"
abfdec25-d6df-4fb2-9d08-ebda80f2c93c,normal,,2026-01-06T16:17:46.460251Z,"{""behavior_phase"":""stable""}"
ad7f84bb-6a8c-4078-9955-ef444693a866,normal,,2026-01-06T16:17:59.321778Z,"{""behavior_phase"":""stable""}"
f9ad4fe0-9e61-49f1-83f6-a29d941fcbf9,normal,,2026-01-06T16:41:43.234691Z,"{""behavior_phase"":""stable""}"
9811fc42-4b28-498d-aac2-ae149492cf7c,normal,,2026-01-06T16:44:17.636713Z,"{""behavior_phase"":""stable""}"
b6bd9bd1-5e77-43e7-97f0-606d0e1a7b56,normal,,2026-01-06T16:54:54.434964Z,"{""behavior_phase"":""stable""}"
55428e21-a3f3-4bd6-8788-04c2a80d6730,normal,,2026-01-06T16:55:36.411718Z,"{""behavior_phase"":""stable""}"
3108d810-5906-4f95-ad9b-b9fc336a866c,normal,,2026-01-06T17:14:23.479154Z,"{""behavior_phase"":""stable""}"
57857788-b1a1-4436-a99f-97c6daacc14b,normal,,2026-01-06T17:22:46.701143Z,"{""behavior_phase"":""stable""}"
6ff04bee-f706-4449-98cf-358af034d090,normal,,2026-01-06T17:25:11.577618Z,"{""behavior_phase"":""stable""}"
1324358b-374a-440e-ac3d-26f24fc459fe,normal,,2026-01-06T17:29:48.622294Z,"{""behavior_phase"":""stable""}"
e9dd2215-ecab-4e3c-b5a7-e2799fa011dc,normal,,2026-01-06T17:34:59.781032Z,"{""behavior_phase"":""stable""}"
4bb88dee-7569-4bf8-b878-1fe1aaa67dba,normal,,2026-01-06T17:37:19.518037Z,"{""behavior_phase"":""stable""}"
8a300de6-67b1-466c-b64c-90247f5c02f3,normal,,2026-01-06T17:37:23.907601Z,"{""behavior_phase"":""stable""}"
71d5a085-ca94-40f0-b3d1-8906e67f25a4,normal,,2026-01-06T17:42:47.126357Z,"{""behavior_phase"":""stable""}"
c5840d89-75ee-4174-b83e-c78633f3aa34,normal,,2026-01-06T17:46:00.657657Z,"{""behavior_phase"":""stable""}"
3a55dbf4-9eb8-455f-be95-67a00c8e9df1,normal,,2026-01-06T17:50:58.883231Z,"{""behavior_phase"":""stable""}"
460458d3-d951-4d04-8ed6-44001410b56b,normal,,2026-01-06T17:55:10.866105Z,"{""behavior_phase"":""stable""}"
1e18b906-79f2-4ad6-adbf-caa8b90d8b14,normal,,2026-01-06T18:04:32.939675Z,"{""behavior_phase"":""stable""}"
2bf19853-bd54-4857-afa3-1746e452d303,normal,,2026-01-06T18:15:27.394811Z,"{""behavior_phase"":""stable""}"
97d0ffa3-373f-4002-9065-5f5e06fbd4bc,normal,,2026-01-06T18:16:22.208764Z,"{""behavior_phase"":""stable""}"
14712ef5-c229-4107-8e62-84eca8908597,normal,,2026-01-06T18:18:58.247598Z,"{""behavior_phase"":""stable""}"
89e7026d-143b-4661-867b-e9ce9300760b,normal,,2026-01-06T18:20:05.386759Z,"{""behavior_phase"":""stable""}"
8d8b54af-43a8-4fe6-944f-f21aa748593a,normal,,2026-01-06T18:34:54.312907Z,"{""behavior_phase"":""stable""}"
b29a2111-56fa-431d-969d-833f8af0f87c,normal,,2026-01-06T18:36:15.815844Z,"{""behavior_phase"":""stable""}"
33fbbb47-d7f8-4979-a252-48b133bd6cb2,normal,,2026-01-06T18:39:23.118049Z,"{""behavior_phase"":""stable""}"
c8e5f5af-5f5b-4775-9821-f531b66e9da1,normal,,2026-01-06T18:42:01.611903Z,"{""behavior_phase"":""stable""}"
4481f788-509c-41c7-8a3e-0cd988f8a5f2,low_and_slow_exfiltration,32383174-a519-48c8-b6c1-ec6554c08def,2026-01-06T18:50:28.049793Z,"{""campaign_size"":4,""campaign_step"":1}"
aa133003-f520-40f1-8e81-03b1c6358c35,normal,,2026-01-06T18:53:48.651616Z,"{""behavior_phase"":""stable""}"
0033e34a-1afe-4450-a755-48ef99c7c550,normal,,2026-01-06T18:58:38.153902Z,"{""behavior_phase"":""stable""}"
867d8f9a-2611-42c7-b901-cd5c64d6c614,normal,,2026-01-06T19:01:00.333481Z,"{""behavior_phase"":""stable""}"
d4f0bccb-e75e-4cbd-9b16-e1120fc6f4ff,normal,,2026-01-06T19:01:19.060576Z,"{""behavior_phase"":""stable""}"
e6a9565b-4751-4cfa-9d3f-3146ef913f8d,normal,,2026-01-06T19:05:33.639199Z,"{""behavior_phase"":""stable""}"
b46d8626-b3fd-4267-8152-5d11a9106806,normal,,2026-01-06T19:16:04.078720Z,"{""behavior_phase"":""stable""}"
310b9425-03c2-466b-a2be-0b6d98c94d20,normal,,2026-01-06T19:19:29.991287Z,"{""behavior_phase"":""stable""}"
ea30da01-2541-4bad-b9c3-e51ec9994c0e,normal,,2026-01-06T19:20:59.785101Z,"{""behavior_phase"":""stable""}"
6b128230-4fe3-439c-85dc-59d405522b4f,normal,,2026-01-06T19:23:10.814970Z,"{""behavior_phase"":""stable""}"
63124738-b008-42e8-a38e-0b8290fdebd3,normal,,2026-01-06T19:23:32.196123Z,"{""behavior_phase"":""stable""}"
fb6e6b93-fc14-4ef5-a6c3-a1a528a04044,normal,,2026-01-06T19:27:35.520304Z,"{""behavior_phase"":""stable""}"
b099ceff-f445-4005-81de-4068235ed8d5,normal,,2026-01-06T19:32:42.196201Z,"{""behavior_phase"":""stable""}"
534a3b51-499f-4913-9f00-279048adf782,normal,,2026-01-06T19:43:27.749325Z,"{""behavior_phase"":""stable""}"
5eac16af-df87-46f6-bd49-5b3f4ec531ff,normal,,2026-01-06T19:53:24.254431Z,"{""behavior_phase"":""stable""}"
c2e870d0-0179-4677-9e08-29961003038b,normal,,2026-01-06T19:57:46.478900Z,"{""behavior_phase"":""stable""}"
ecedb102-5199-4cfa-ada0-696e8d0401f4,normal,,2026-01-06T19:59:44.836756Z,"{""behavior_phase"":""stable""}"
5394d98d-d426-442f-8365-2db773c72a01,normal,,2026-01-06T20:04:03.398802Z,"{""behavior_phase"":""stable""}"
f8f3962d-f40a-4a1d-b579-fdb5bfa1ae6a,normal,,2026-01-06T20:04:16.735059Z,"{""behavior_phase"":""stable""}"
159b1ffc-a7b6-4d77-9fe8-3ae0159336ce,normal,,2026-01-06T20:06:48.681016Z,"{""behavior_phase"":""stable""}"
487352ba-9728-4df8-9b51-fd66c857c3dd,normal,,2026-01-06T20:08:46.316815Z,"{""behavior_phase"":""stable""}"
f52aa0cd-c506-435a-a58e-94f5f7c2677f,normal,,2026-01-06T20:15:15.297062Z,"{""behavior_phase"":""stable""}"
46286b39-dec7-44cf-9418-8f8762570336,normal,,2026-01-06T20:20:01.094250Z,"{""behavior_phase"":""stable""}"
55026679-19a6-4af3-a902-134035043efe,normal,,2026-01-06T20:33:55.961574Z,"{""behavior_phase"":""stable""}"
bd4879a9-fccc-4a53-bdf6-d0ac37c4489e,normal,,2026-01-06T20:37:17.479218Z,"{""behavior_phase"":""stable""}"
83030eda-24c4-42f4-84f1-63af7c9040c2,normal,,2026-01-06T20:43:45.193971Z,"{""behavior_phase"":""stable""}"
96ade6bd-c120-448f-864a-83ce0d2e9f77,normal,,2026-01-06T20:54:30.194270Z,"{""behavior_phase"":""stable""}"
c655f71e-032c-4cd8-92c6-8adba70c401d,normal,,2026-01-06T21:02:32.894538Z,"{""behavior_phase"":""stable""}"
2d4cb156-e2b2-4fd1-873c-5a54e4d5f494,normal,,2026-01-06T21:04:26.815681Z,"{""behavior_phase"":""stable""}"
876a4644-474f-4d90-affa-19dc4db759d4,normal,,2026-01-06T21:05:31.572179Z,"{""behavior_phase"":""stable""}"
86f554f1-25b9-45f4-889c-249ad0d0791b,normal,,2026-01-06T21:06:41.687611Z,"{""behavior_phase"":""stable""}"
1249d48c-3a4e-475c-bb94-66b4174adc93,normal,,2026-01-06T21:07:25.489317Z,"{""behavior_phase"":""stable""}"
936cb0d0-7f26-4e7f-8504-b3e71b4a5b08,normal,,2026-01-06T21:11:00.647570Z,"{""behavior_phase"":""stable""}"
4822a33c-e46b-437a-8117-7b5640f44c97,normal,,2026-01-06T21:15:08.783058Z,"{""behavior_phase"":""stable""}"
593d464f-3361-422b-af52-57c638ca8277,normal,,2026-01-06T21:23:27.022347Z,"{""behavior_phase"":""stable""}"
841c273e-51e9-4774-b6ee-5dfa934c5e3e,normal,,2026-01-06T21:28:05.090193Z,"{""behavior_phase"":""stable""}"
d2925618-1129-4474-9a44-018edf6f08df,normal,,2026-01-06T21:30:42.420584Z,"{""behavior_phase"":""stable""}"
c5c5e598-4640-47e6-8846-e63d234016ff,normal,,2026-01-06T21:52:10.803994Z,"{""behavior_phase"":""stable""}"
bada3b2d-4413-47a4-9b8f-19f59fe32c9a,normal,,2026-01-06T21:54:03.515779Z,"{""behavior_phase"":""stable""}"
87dae475-2424-4d8c-a92a-00abbd229692,normal,,2026-01-06T22:01:20.161575Z,"{""behavior_phase"":""stable""}"
123dfc8e-75dc-466e-a627-3a4cddff7d5f,normal,,2026-01-06T22:08:55.990958Z,"{""behavior_phase"":""stable""}"
b35c12ff-f53b-4691-9fb1-404a611e9781,normal,,2026-01-06T22:14:12.164794Z,"{""behavior_phase"":""stable""}"
7fdd20df-451b-4df2-a723-b41256ee3dd6,normal,,2026-01-06T22:17:02.147349Z,"{""behavior_phase"":""stable""}"
37d0b915-7aa0-4d2c-854e-f49f2a474961,normal,,2026-01-06T22:17:15.849740Z,"{""behavior_phase"":""stable""}"
8f84a19b-57a4-4ee2-83de-818e40c07ec0,normal,,2026-01-06T22:22:19.831090Z,"{""behavior_phase"":""stable""}"
d75efe88-667e-4534-b4e5-c10277426938,normal,,2026-01-06T22:30:01.718856Z,"{""behavior_phase"":""stable""}"
c93be260-8571-4145-b7a9-06f735dedfe6,normal,,2026-01-06T22:31:32.394890Z,"{""behavior_phase"":""stable""}"
a3bf156e-51a8-47dc-a3e1-1f98486e13fb,normal,,2026-01-06T22:35:38.688560Z,"{""behavior_phase"":""stable""}"
5284b56c-b32f-4fc4-a803-6da15321932e,normal,,2026-01-06T22:36:02.983483Z,"{""behavior_phase"":""stable""}"
d8a48dc5-a4b2-4a44-8348-27ba5fc398ea,normal,,2026-01-06T22:42:14.357085Z,"{""behavior_phase"":""stable""}"
57d1ece1-b3f9-4835-b66f-4d7093fea5a2,normal,,2026-01-06T22:42:48.601094Z,"{""behavior_phase"":""stable""}"
063ee0da-9cd4-4748-b0af-1b9f69d3a2a1,normal,,2026-01-06T22:43:47.212642Z,"{""behavior_phase"":""stable""}"
dbe6abdb-2dc0-4553-8749-8670f970019d,normal,,2026-01-06T22:46:57.430949Z,"{""behavior_phase"":""stable""}"
40119c90-7c9e-411b-96bd-a100bf3f7bcb,normal,,2026-01-06T22:47:30.545652Z,"{""behavior_phase"":""stable""}"
98eefc8d-ddbe-443b-9246-23e9325c79db,normal,,2026-01-06T22:58:18.712217Z,"{""behavior_phase"":""stable""}"
4fbba13f-f563-48df-ba2b-9d2d0ea90b6e,normal,,2026-01-06T22:59:48.322210Z,"{""behavior_phase"":""stable""}"
b07ed0cc-d371-4fa7-a31f-8f3aeeed7fd0,normal,,2026-01-06T23:01:43.440127Z,"{""behavior_phase"":""stable""}"
3f11cf6f-d868-4a5f-8982-ad765537e47f,normal,,2026-01-06T23:13:27.855853Z,"{""behavior_phase"":""stable""}"
6e934793-411a-4980-bb55-ecd2db8d497e,normal,,2026-01-06T23:16:04.814418Z,"{""behavior_phase"":""stable""}"
d8b897d2-d435-49b8-b066-a26597e18a74,normal,,2026-01-06T23:30:11.799868Z,"{""behavior_phase"":""stable""}"
0ae142fa-2f54-4f27-9e21-cdbd9cbd36aa,normal,,2026-01-06T23:42:51.809528Z,"{""behavior_phase"":""stable""}"
71a72e2a-14a8-4ec1-9cff-dc43b0cd8cd1,normal,,2026-01-06T23:59:26.056671Z,"{""behavior_phase"":""stable""}"
3b906154-9c34-4d56-9454-46292cea5c1b,normal,,2026-01-07T00:00:12.121455Z,"{""behavior_phase"":""stable""}"
8911a948-eef8-4658-b0b8-abb61f4cf883,normal,,2026-01-07T00:01:32.127699Z,"{""behavior_phase"":""stable""}"
834bae61-ad8f-4d57-ade3-9302b78486d1,normal,,2026-01-07T00:03:17.127882Z,"{""behavior_phase"":""stable""}"
48324016-248f-4e0d-8983-8dd85f74156b,normal,,2026-01-07T00:19:02.286657Z,"{""behavior_phase"":""stable""}"
bf69f211-72e0-4d34-9193-104945877147,normal,,2026-01-07T00:20:40.702093Z,"{""behavior_phase"":""stable""}"
437a93fc-d242-4f79-9283-f2f18eed9b1e,normal,,2026-01-07T00:23:38.808035Z,"{""behavior_phase"":""stable""}"
513d4cb5-8ceb-4e47-b39b-2208399df07f,normal,,2026-01-07T00:29:38.036300Z,"{""behavior_phase"":""stable""}"
cc1fafeb-bac2-4807-8dbf-13e1ea68bdbc,normal,,2026-01-07T00:33:13.880027Z,"{""behavior_phase"":""stable""}"
6a38e368-eab6-4375-80a6-a0485bee3c02,normal,,2026-01-07T00:40:43.917650Z,"{""behavior_phase"":""stable""}"
7169e0cc-93b0-4f38-a528-ecbdfc9a17e5,normal,,2026-01-07T00:51:12.978621Z,"{""behavior_phase"":""stable""}"
36958546-187e-4ef9-9b49-40b166f33fb1,normal,,2026-01-07T00:53:09.068721Z,"{""behavior_phase"":""stable""}"
7ca3af46-ddfd-4983-aee7-8212d971862d,normal,,2026-01-07T00:54:35.118064Z,"{""behavior_phase"":""stable""}"
1492710e-825f-416f-a043-bfc319896526,normal,,2026-01-07T01:10:08.139670Z,"{""behavior_phase"":""stable""}"
c5364007-d46b-4532-b8ac-0079134a0ed0,normal,,2026-01-07T01:26:46.750196Z,"{""behavior_phase"":""stable""}"
f306d6b6-4f73-4c40-916e-3337f58fbf6c,normal,,2026-01-07T01:29:25.625498Z,"{""behavior_phase"":""stable""}"
a05d8b2e-9355-4e8f-bc02-0dca99acf8a4,normal,,2026-01-07T01:32:42.029929Z,"{""behavior_phase"":""stable""}"
3e21404e-c7ca-4acb-9b0c-e1b16dc7a763,normal,,2026-01-07T01:33:51.684247Z,"{""behavior_phase"":""stable""}"
94f9024e-00a6-4c96-b1bd-12f93eaf0e41,normal,,2026-01-07T01:43:14.428209Z,"{""behavior_phase"":""stable""}"
a206cae9-4310-484d-8f59-1531ac3cb8f9,normal,,2026-01-07T01:48:19.179668Z,"{""behavior_phase"":""stable""}"
a1fcf6bd-f747-4ceb-9544-cae824d1cff5,normal,,2026-01-07T01:57:19.979090Z,"{""behavior_phase"":""stable""}"
ef4f19af-43f6-48ff-babd-bc24fae33824,normal,,2026-01-07T01:57:52.152949Z,"{""behavior_phase"":""stable""}"
625e172b-6dc8-4452-adf4-6f411c3a605b,normal,,2026-01-07T01:57:56.664077Z,"{""behavior_phase"":""stable""}"
3f150d84-3227-4f0c-840c-a73ec2b5161c,normal,,2026-01-07T02:07:32.955833Z,"{""behavior_phase"":""stable""}"
f4f1d1b5-2d48-413f-81dc-72b79bcc3fce,normal,,2026-01-07T02:09:13.439329Z,"{""behavior_phase"":""stable""}"
6481002a-4780-4866-b627-caeccb54f946,normal,,2026-01-07T02:09:46.333527Z,"{""behavior_phase"":""stable""}"
279dfa95-886a-4eb2-8cb7-d30f1b24befc,normal,,2026-01-07T02:14:30.926735Z,"{""behavior_phase"":""stable""}"
29aef1d0-65df-402c-87f4-ebc859dc152a,normal,,2026-01-07T02:15:18.911856Z,"{""behavior_phase"":""stable""}"
26c36fce-abde-40d5-b4ef-dd177e88bde0,normal,,2026-01-07T02:29:01.025748Z,"{""behavior_phase"":""stable""}"
a802195e-d9c0-4695-9333-93b81e17cfa8,normal,,2026-01-07T02:33:44.325569Z,"{""behavior_phase"":""stable""}"
4cd35bd5-39b9-4103-88aa-7ab9bdc4f6a0,normal,,2026-01-07T02:38:05.224991Z,"{""behavior_phase"":""stable""}"
abda2d3a-f16a-492d-9dd6-82255c155e06,normal,,2026-01-07T02:42:54.206080Z,"{""behavior_phase"":""stable""}"
dff80112-4f72-4c1c-964a-ba992026e15a,normal,,2026-01-07T02:44:10.554810Z,"{""behavior_phase"":""stable""}"
1ce0c199-644f-49a4-af19-61fc55753fc0,normal,,2026-01-07T02:50:25.590854Z,"{""behavior_phase"":""stable""}"
9ec195fe-dba6-4107-a85f-b9bb4eb3c231,normal,,2026-01-07T02:55:14.921415Z,"{""behavior_phase"":""stable""}"
9d10fcfe-788e-4f15-a255-4057d5c5ddae,normal,,2026-01-07T02:56:48.970595Z,"{""behavior_phase"":""stable""}"
516eb30a-5696-4ebb-93ec-a5c2252aa63b,normal,,2026-01-07T03:03:44.523852Z,"{""behavior_phase"":""stable""}"
86170c04-5984-47e9-90b4-256fdbf12428,normal,,2026-01-07T03:13:32.064676Z,"{""behavior_phase"":""stable""}"
1725a68e-f801-43ba-b7f9-c596fa2993a3,normal,,2026-01-07T03:27:08.767512Z,"{""behavior_phase"":""stable""}"
a7bda89b-1525-43ab-9705-ddbee307e522,normal,,2026-01-07T03:30:26.793892Z,"{""behavior_phase"":""stable""}"
aeba0bd2-9e30-4d6f-b275-c0af04539120,normal,,2026-01-07T03:31:28.478669Z,"{""behavior_phase"":""stable""}"
a26ed9ee-831e-4872-80c2-5f352c4dd6d5,normal,,2026-01-07T03:42:20.143279Z,"{""behavior_phase"":""stable""}"
ee4e67b5-8626-42c8-9fc7-6fb0a3e2b25e,normal,,2026-01-07T03:52:09.452144Z,"{""behavior_phase"":""stable""}"
dae06cdd-e2ca-4506-89e9-c8b98353107e,normal,,2026-01-07T04:02:30.190409Z,"{""behavior_phase"":""stable""}"
73e22ab0-29af-4b9b-8665-17dc8f77c7c6,normal,,2026-01-07T04:21:56.680700Z,"{""behavior_phase"":""stable""}"
9c8fd22f-13bc-4e65-bd9e-7ece1922dea3,normal,,2026-01-07T04:26:44.898782Z,"{""behavior_phase"":""stable""}"
26ab29b8-8916-4e15-acbd-b2c87ac7768f,normal,,2026-01-07T04:26:54.151113Z,"{""behavior_phase"":""stable""}"
6aac265c-5079-45f1-b4cf-62dc41830dda,normal,,2026-01-07T04:43:23.635943Z,"{""behavior_phase"":""stable""}"
1bab8e87-c85b-4250-81c7-26bb11de4a40,normal,,2026-01-07T04:48:25.478026Z,"{""behavior_phase"":""stable""}"
884dc1e7-cec6-48f1-a7d7-fc9aeb181556,normal,,2026-01-07T04:49:51.585630Z,"{""behavior_phase"":""stable""}"
03498723-975d-41a7-9c1c-778af05fac2b,normal,,2026-01-07T04:51:03.250303Z,"{""behavior_phase"":""stable""}"
d4fd7dde-fbee-4e5d-ae25-332b7343ce6a,normal,,2026-01-07T05:05:20.054633Z,"{""behavior_phase"":""stable""}"
0e965311-059f-40c6-b8d6-591ade19bedc,normal,,2026-01-07T05:05:27.117311Z,"{""behavior_phase"":""stable""}"
2b07c85b-7e92-40d7-9360-14e6fc5d123a,normal,,2026-01-07T05:06:40.622376Z,"{""behavior_phase"":""stable""}"
3430cbaf-89bc-443c-9534-a4f0a4af2ec4,normal,,2026-01-07T05:09:06.266468Z,"{""behavior_phase"":""stable""}"
ccf71d6b-c1b0-4f3d-9307-cd62cbef1063,normal,,2026-01-07T05:26:10.425651Z,"{""behavior_phase"":""stable""}"
12a47ba3-a442-4ba2-9d8d-70e0d4f9c420,normal,,2026-01-07T05:37:05.738020Z,"{""behavior_phase"":""stable""}"
38f32f7a-01bc-4f67-9455-af3cefedb5e7,normal,,2026-01-07T05:39:31.847155Z,"{""behavior_phase"":""stable""}"
fd43e8d4-3247-4e6e-950f-fe18d353c0cf,normal,,2026-01-07T05:46:45.723613Z,"{""behavior_phase"":""stable""}"
d5153eaf-3fdf-423d-8a52-d379327c29d7,normal,,2026-01-07T05:52:32.588953Z,"{""behavior_phase"":""stable""}"
b57e53cb-d039-4b01-920d-1336a56b08d6,normal,,2026-01-07T05:56:16.769185Z,"{""behavior_phase"":""stable""}"
01655a5c-0a09-4f7f-b5a0-2971a4a398ba,normal,,2026-01-07T05:59:26.052067Z,"{""behavior_phase"":""stable""}"
437d8534-3802-477e-aae7-31cf330490ef,normal,,2026-01-07T06:03:22.011960Z,"{""behavior_phase"":""stable""}"
ce102367-332a-46cd-84c6-25ee70f812f0,normal,,2026-01-07T06:07:23.456349Z,"{""behavior_phase"":""stable""}"
a60c4106-2825-4fba-975b-4dfd92f797be,normal,,2026-01-07T06:09:52.480096Z,"{""behavior_phase"":""stable""}"
0f3784bf-32e1-4852-accf-03fdae89a0d8,normal,,2026-01-07T06:24:01.640464Z,"{""behavior_phase"":""stable""}"
ce118917-d134-4915-9bc7-d7948e2e9a72,normal,,2026-01-07T06:25:18.373335Z,"{""behavior_phase"":""stable""}"
5ed7b6da-e46b-4740-bc5b-a2cd30b1ef7b,normal,,2026-01-07T06:26:03.176629Z,"{""behavior_phase"":""stable""}"
1d96358c-7c9c-404e-883e-837841f4d37a,normal,,2026-01-07T06:29:16.756371Z,"{""behavior_phase"":""stable""}"
de85835d-bfa5-496f-9485-dc5262a07ac6,normal,,2026-01-07T06:34:33.603827Z,"{""behavior_phase"":""stable""}"
91f4a15c-dbdf-48dd-a7de-afb209aa11fd,normal,,2026-01-07T06:35:35.334232Z,"{""behavior_phase"":""stable""}"
0037f3ab-7b12-4d44-b11e-4f28f0c6ae78,normal,,2026-01-07T06:38:58.355272Z,"{""behavior_phase"":""stable""}"
8376bc36-97dc-4c2f-a7d9-b0b7a0ed48cf,normal,,2026-01-07T06:43:15.234564Z,"{""behavior_phase"":""stable""}"
d765eda2-efba-4744-bab1-4495b1feddd4,normal,,2026-01-07T06:44:29.674067Z,"{""behavior_phase"":""stable""}"
b3d19d13-237e-40c4-b061-778acf6f0d03,normal,,2026-01-07T06:49:26.636257Z,"{""behavior_phase"":""stable""}"
041bd58c-931a-40e9-b95b-cf054fd3f29c,normal,,2026-01-07T06:49:38.757501Z,"{""behavior_phase"":""stable""}"
16fd9704-2149-49f9-a2a4-e0f8be662a9e,normal,,2026-01-07T06:59:02.761798Z,"{""behavior_phase"":""stable""}"
5d546b27-51f8-4508-ba8c-582d3520b06f,normal,,2026-01-07T07:07:59.309254Z,"{""behavior_phase"":""stable""}"
d7b6af56-e365-4a90-8ec0-b28b0ca85ea8,normal,,2026-01-07T07:22:20.358380Z,"{""behavior_phase"":""stable""}"
0230e0e0-d3b9-45cd-bac1-77cd50a5aaf9,normal,,2026-01-07T07:26:02.550137Z,"{""behavior_phase"":""stable""}"
c34ca5f4-e277-43cb-bf28-93b4abe28aac,normal,,2026-01-07T07:32:09.269847Z,"{""behavior_phase"":""stable""}"
7a11c138-a193-4e59-80bb-f53ef0d1eba6,normal,,2026-01-07T07:35:08.812541Z,"{""behavior_phase"":""stable""}"
374cbf22-419c-4f55-8fde-a0bc866bfb58,normal,,2026-01-07T07:35:36.123345Z,"{""behavior_phase"":""stable""}"
de2375c2-86b0-402a-b525-adb9e0ffebdb,normal,,2026-01-07T07:49:21.825734Z,"{""behavior_phase"":""stable""}"
d0c610a3-7677-4cae-8a88-194b323722ec,normal,,2026-01-07T07:52:16.615468Z,"{""behavior_phase"":""stable""}"
67b7dfa7-aad3-4138-b0bb-0cc9f6a82d24,lateral_movement,1128810f-7d12-4cc6-be37-9343c0455e87,2026-01-07T07:52:53.898504Z,"{""campaign_size"":4,""campaign_step"":1}"
354424b3-999a-4e65-952b-ae6cd179ab3a,normal,,2026-01-07T07:55:25.689900Z,"{""behavior_phase"":""stable""}"
e4be50b4-3dc3-47cb-825a-a0872d51a3ad,normal,,2026-01-07T07:56:52.994539Z,"{""behavior_phase"":""stable""}"
8aea8931-02fc-4180-81bd-979f21f58efc,normal,,2026-01-07T08:01:45.146953Z,"{""behavior_phase"":""stable""}"
694c68f5-ed8e-44aa-b673-fe1bd441d2b6,normal,,2026-01-07T08:05:33.428068Z,"{""behavior_phase"":""stable""}"
bcc33aaa-ef53-4942-b8a0-c74e69f8c763,normal,,2026-01-07T08:07:37.674436Z,"{""behavior_phase"":""stable""}"
03888e62-8038-4d29-a7a3-88ce707d7c1a,normal,,2026-01-07T08:18:04.763148Z,"{""behavior_phase"":""stable""}"
ff136f42-08a7-46d3-a41b-69dc5ad62295,normal,,2026-01-07T08:23:43.023625Z,"{""behavior_phase"":""stable""}"
cc1cfdeb-ace7-4876-ba41-02e794495472,normal,,2026-01-07T08:24:11.945502Z,"{""behavior_phase"":""stable""}"
8fdcede3-4975-4b85-97dc-3cdb8297f254,normal,,2026-01-07T08:30:27.344808Z,"{""behavior_phase"":""stable""}"
dd4627e8-19d5-4597-8d83-1eb904a4459c,normal,,2026-01-07T08:32:42.901859Z,"{""behavior_phase"":""stable""}"
f4e546ff-8713-4885-8b1e-8be20e2d52a3,normal,,2026-01-07T08:39:31.034712Z,"{""behavior_phase"":""stable""}"
6b65c38f-b8ed-4d0b-8145-68e0cd1ac325,normal,,2026-01-07T08:47:47.278568Z,"{""behavior_phase"":""stable""}"
b737e19f-0b7e-46bf-8c42-a3d42cb56edb,normal,,2026-01-07T08:53:01.360322Z,"{""behavior_phase"":""stable""}"
4a949aa3-ddc5-4502-bb05-0772bdbbc773,normal,,2026-01-07T09:00:17.356960Z,"{""behavior_phase"":""stable""}"
201a6ad8-9134-457a-ade3-b3ca134b152e,normal,,2026-01-07T09:01:05.488061Z,"{""behavior_phase"":""stable""}"
3f449d97-27e9-4e68-ab41-005391c58957,normal,,2026-01-07T09:05:02.314632Z,"{""behavior_phase"":""stable""}"
6433c2d1-aa8a-49cd-b92f-b7c06ab123b7,normal,,2026-01-07T09:07:07.836692Z,"{""behavior_phase"":""stable""}"
80c9e1e0-2554-4e06-8423-be2ce4f58913,normal,,2026-01-07T09:14:52.280581Z,"{""behavior_phase"":""stable""}"
bbcd4662-0d04-4f8c-97ce-f17277637321,normal,,2026-01-07T09:15:13.414388Z,"{""behavior_phase"":""stable""}"
f038b386-9c50-4786-99ee-2240242fa05f,normal,,2026-01-07T09:18:15.135033Z,"{""behavior_phase"":""stable""}"
6fb7669b-2402-4942-9523-0ebb95bd1099,normal,,2026-01-07T09:23:46.466447Z,"{""behavior_phase"":""stable""}"
763329d8-7f65-4973-9e18-56c73b412b95,normal,,2026-01-07T09:28:42.761177Z,"{""behavior_phase"":""stable""}"
8d798230-00ad-4700-a3aa-a7b6a90333be,normal,,2026-01-07T09:28:50.275250Z,"{""behavior_phase"":""stable""}"
b9cc7e96-34eb-4c0c-b367-ff2f408e2855,normal,,2026-01-07T09:32:15.207318Z,"{""behavior_phase"":""stable""}"
c4651e4d-ca50-4742-9d3e-deb24ec22ed7,normal,,2026-01-07T09:32:25.670464Z,"{""behavior_phase"":""stable""}"
7f7a6c6a-74a9-411c-adf6-9842ba60b420,normal,,2026-01-07T09:32:35.625555Z,"{""behavior_phase"":""stable""}"
da78e059-e0e1-477a-8f2b-32ecbdd6fc59,normal,,2026-01-07T09:40:03.891300Z,"{""behavior_phase"":""stable""}"
61a91422-9d28-4a9e-9bb0-ef908aea932b,normal,,2026-01-07T09:43:40.909846Z,"{""behavior_phase"":""stable""}"
acf3a3c1-f413-49ed-9d2e-d4b6f8f9e239,normal,,2026-01-07T09:45:59.713909Z,"{""behavior_phase"":""stable""}"
1e4f8f9c-e677-41ee-b281-6dc8dfdba2d7,normal,,2026-01-07T09:47:20.388311Z,"{""behavior_phase"":""stable""}"
5f07119e-d8e2-4849-aaf8-12a27fcd1db9,normal,,2026-01-07T09:48:53.190551Z,"{""behavior_phase"":""stable""}"
76666e3a-0b21-4749-8f7e-d7ad99fc2fc7,normal,,2026-01-07T09:51:01.691961Z,"{""behavior_phase"":""stable""}"
b9c7d31e-47b2-4285-a7a8-9d9603145ab4,normal,,2026-01-07T09:51:39.635276Z,"{""behavior_phase"":""stable""}"
d3f9732e-40d7-47eb-85f3-38790b3498da,normal,,2026-01-07T09:53:57.347812Z,"{""behavior_phase"":""stable""}"
34725247-55eb-4495-9f86-54f4e9282a9e,normal,,2026-01-07T09:55:23.625353Z,"{""behavior_phase"":""stable""}"
ee2bb624-1598-40a9-829b-b7e0c4f62d2a,normal,,2026-01-07T10:06:58.380433Z,"{""behavior_phase"":""stable""}"
3550c2f1-227d-40a4-b2c6-20f21d3c7513,normal,,2026-01-07T10:17:42.259852Z,"{""behavior_phase"":""stable""}"
f836a441-1c5b-4aa7-977d-6ba0862dd240,normal,,2026-01-07T10:21:20.350305Z,"{""behavior_phase"":""stable""}"
cf9b1673-075b-4f1f-a7a1-790ef7cedfe4,normal,,2026-01-07T10:21:39.319903Z,"{""behavior_phase"":""stable""}"
2529013f-54d6-49d0-8135-dba6d8a80c1e,normal,,2026-01-07T10:21:50.827607Z,"{""behavior_phase"":""stable""}"
0f0667a3-a02f-434a-a13a-536edaae4189,normal,,2026-01-07T10:22:01.121320Z,"{""behavior_phase"":""stable""}"
50182ad0-dc09-4065-bd3f-5d8214ba7dbe,normal,,2026-01-07T10:28:58.267515Z,"{""behavior_phase"":""stable""}"
9d8a5863-392f-46d3-b2cc-26e7b557677a,normal,,2026-01-07T10:30:30.860836Z,"{""behavior_phase"":""stable""}"
fef0edc6-3bb8-45f2-a971-66060e51919a,normal,,2026-01-07T10:33:44.022165Z,"{""behavior_phase"":""stable""}"
8589e0fe-906b-46a6-8df8-a7afc44c0b4a,insider_drift,dbd81d0e-8335-44de-8183-ff944b1b86b4,2026-01-07T10:34:30.783948Z,"{""campaign_size"":4,""campaign_step"":2}"
d6ff9160-bf2b-44a5-adb8-7ac8af6dfbf4,normal,,2026-01-07T10:45:20.819026Z,"{""behavior_phase"":""stable""}"
d44678db-4e95-44d7-9dc9-b00d61e29bd7,normal,,2026-01-07T10:47:09.872586Z,"{""behavior_phase"":""stable""}"
c50ea941-b597-417a-aa02-4a8c90742899,normal,,2026-01-07T10:50:20.182369Z,"{""behavior_phase"":""stable""}"
a0c9f8ba-e30c-45ae-9c1f-260dc67b187b,normal,,2026-01-07T10:52:59.036938Z,"{""behavior_phase"":""stable""}"
118e36c7-066e-40b1-a740-15b9e0b6a2c1,normal,,2026-01-07T11:09:07.926792Z,"{""behavior_phase"":""stable""}"
82ce5afa-82f8-4ad6-8e88-f616a300f3fd,normal,,2026-01-07T11:11:23.413051Z,"{""behavior_phase"":""stable""}"
333e8f41-2dcf-461b-8314-42479f329258,normal,,2026-01-07T11:11:55.192731Z,"{""behavior_phase"":""stable""}"
63a4df5c-40b1-4be0-b23d-26b437ecbf24,normal,,2026-01-07T11:12:57.781002Z,"{""behavior_phase"":""stable""}"
e96957a8-5a8f-43c1-a7c9-338bf9beb0fc,normal,,2026-01-07T11:13:13.336769Z,"{""behavior_phase"":""stable""}"
b4913456-9f4d-4335-a199-aa5f566d6876,normal,,2026-01-07T11:13:29.690524Z,"{""behavior_phase"":""stable""}"
bce6c58c-6f5d-4434-8bce-07b926064b14,normal,,2026-01-07T11:14:22.655968Z,"{""behavior_phase"":""stable""}"
5f0c5164-1377-4e2b-a4db-6bdd50bca0d3,normal,,2026-01-07T11:23:22.395149Z,"{""behavior_phase"":""stable""}"
faa5a2d1-0876-4a58-84dc-580764bc7587,normal,,2026-01-07T11:26:50.288516Z,"{""behavior_phase"":""stable""}"
376c857d-4d8d-42bb-af23-6d93930c3bb8,normal,,2026-01-07T11:33:40.247672Z,"{""behavior_phase"":""stable""}"
cf51bb20-bec8-48a4-bcdc-48d6648db3e1,normal,,2026-01-07T11:34:55.062509Z,"{""behavior_phase"":""stable""}"
444d2bcf-30a7-4220-9891-7665a77802f7,normal,,2026-01-07T11:40:10.818101Z,"{""behavior_phase"":""stable""}"
fac2d92c-103f-4978-9d74-dc4d08621177,normal,,2026-01-07T11:42:34.448433Z,"{""behavior_phase"":""stable""}"
f492cbd6-ec02-44c5-915e-8d2660917f94,normal,,2026-01-07T11:50:13.339311Z,"{""behavior_phase"":""stable""}"
73923372-8130-4ade-9742-df1eeba97352,normal,,2026-01-07T11:51:43.059658Z,"{""behavior_phase"":""stable""}"
df0df0f7-7fdc-41bd-b8a4-3a4617225645,normal,,2026-01-07T11:52:08.810639Z,"{""behavior_phase"":""stable""}"
9a3a9b7e-543d-48f5-aa72-5813652e3f22,normal,,2026-01-07T12:02:48.557334Z,"{""behavior_phase"":""stable""}"
655fe06a-75dc-47ac-89fa-4e222a93ac12,normal,,2026-01-07T12:05:07.332000Z,"{""behavior_phase"":""stable""}"
ee0bf5a4-d4f4-4e7f-b928-54bc1a9eb569,normal,,2026-01-07T12:25:32.635211Z,"{""behavior_phase"":""stable""}"
28c65c75-787a-42a7-a9ee-db72a7f83b0d,normal,,2026-01-07T12:28:46.978848Z,"{""behavior_phase"":""stable""}"
3576c047-c1de-4366-b806-8763c92742d3,normal,,2026-01-07T12:31:10.912659Z,"{""behavior_phase"":""stable""}"
51558488-6688-4148-b800-3f701c59687d,normal,,2026-01-07T12:34:28.049191Z,"{""behavior_phase"":""stable""}"
31741f15-c6e3-484d-aafa-b10d935da69d,normal,,2026-01-07T12:46:51.023545Z,"{""behavior_phase"":""stable""}"
3d289a87-ad3a-4c68-b970-406d21a6cae7,normal,,2026-01-07T12:47:52.807794Z,"{""behavior_phase"":""stable""}"
612e7885-ccc2-4117-b2e9-1e361fbebec1,normal,,2026-01-07T12:58:44.723552Z,"{""behavior_phase"":""stable""}"
95a7de64-864b-4bbe-9bc3-48cafbcf12d9,normal,,2026-01-07T13:02:01.332205Z,"{""behavior_phase"":""stable""}"
206548f7-ae4d-41ea-9dff-870520c5eeb1,normal,,2026-01-07T13:06:44.096089Z,"{""behavior_phase"":""stable""}"
9b955d4b-3233-4de6-b7f2-bf835a9b0faa,normal,,2026-01-07T13:09:50.876876Z,"{""behavior_phase"":""stable""}"
0d83865c-08bd-456f-9262-efbd4c2a58f8,normal,,2026-01-07T13:10:00.553735Z,"{""behavior_phase"":""stable""}"
47af4a48-9b51-482c-b9b0-6a2b48100af8,normal,,2026-01-07T13:12:15.133864Z,"{""behavior_phase"":""stable""}"
28fb9267-ff2a-4649-834e-2da0973009ca,normal,,2026-01-07T13:21:30.845274Z,"{""behavior_phase"":""stable""}"
533bf5a1-837e-4528-b32d-22654adc3624,normal,,2026-01-07T13:25:01.126302Z,"{""behavior_phase"":""stable""}"
ff17035e-7332-4810-80d5-9adde7ef412f,normal,,2026-01-07T13:28:11.955851Z,"{""behavior_phase"":""stable""}"
cffc64f4-2d5f-48c2-91b2-31c6055248a6,normal,,2026-01-07T13:41:10.448803Z,"{""behavior_phase"":""stable""}"
31379b16-e107-40f9-bcd1-be2b8ba6f3af,normal,,2026-01-07T13:48:28.134690Z,"{""behavior_phase"":""stable""}"
558f13af-54de-466c-b47f-056b679fb056,normal,,2026-01-07T13:50:47.136674Z,"{""behavior_phase"":""stable""}"
212b4eed-6bba-4281-a2cc-302e6f95a535,normal,,2026-01-07T14:07:15.760786Z,"{""behavior_phase"":""stable""}"
72107dfc-40c6-4e0e-ac17-06424f546fc5,normal,,2026-01-07T14:09:24.424761Z,"{""behavior_phase"":""stable""}"
f6d7281c-9eff-4be5-8fa3-d4e9b5b90c4f,normal,,2026-01-07T14:13:32.237547Z,"{""behavior_phase"":""stable""}"
516060c3-b3ef-49d5-bc62-80ab18ec715b,normal,,2026-01-07T14:25:57.460519Z,"{""behavior_phase"":""stable""}"
c0dfdc46-3380-4de5-8b3a-a1c2ccc6016a,normal,,2026-01-07T14:27:00.139971Z,"{""behavior_phase"":""stable""}"
a5dfeafb-9e7b-433b-8082-06e4652d4e43,normal,,2026-01-07T14:28:01.425386Z,"{""behavior_phase"":""stable""}"
7ad12efb-937d-4fb8-8277-19958d5b9dc8,normal,,2026-01-07T14:29:15.578803Z,"{""behavior_phase"":""stable""}"
9999ef4c-51c1-4a3d-8904-427fe835f2b7,normal,,2026-01-07T14:32:55.712787Z,"{""behavior_phase"":""stable""}"
28c759bf-0a2e-4599-bfdc-50f58db0cff8,normal,,2026-01-07T15:11:06.259451Z,"{""behavior_phase"":""stable""}"
ac3e8623-39a6-48ca-b6a7-97235f6ed3f0,normal,,2026-01-07T15:15:09.592550Z,"{""behavior_phase"":""stable""}"
440385c3-cd87-4a98-9648-fe86c596ff4d,normal,,2026-01-07T15:16:57.379690Z,"{""behavior_phase"":""stable""}"
1d984454-bdc2-4f5b-a938-08ea9d50b7d6,normal,,2026-01-07T15:17:13.179182Z,"{""behavior_phase"":""stable""}"
923e6c91-db5a-454f-840d-2fe00f39643a,normal,,2026-01-07T15:22:30.703092Z,"{""behavior_phase"":""stable""}"
dd6f1d06-1df2-497b-b1e1-fd7257bcba67,normal,,2026-01-07T15:26:56.521915Z,"{""behavior_phase"":""stable""}"
7bd5c3fa-57d9-4c53-ab82-6330151ea8a4,normal,,2026-01-07T15:29:34.819584Z,"{""behavior_phase"":""stable""}"
5e997e02-8082-4f0b-96f6-0f810ade1a89,normal,,2026-01-07T15:36:03.355681Z,"{""behavior_phase"":""stable""}"
311ede34-d144-4eb6-8377-b3bc5e9101b0,normal,,2026-01-07T15:41:47.635528Z,"{""behavior_phase"":""stable""}"
d7690c0f-0c62-4e96-8578-f4a7b121ae48,normal,,2026-01-07T15:49:11.691150Z,"{""behavior_phase"":""stable""}"
af50026f-69f2-43ed-9652-065d12c3bad9,normal,,2026-01-07T15:55:12.415018Z,"{""behavior_phase"":""stable""}"
a1a985f3-bab9-4f6a-ba68-930ba4ebf7e8,normal,,2026-01-07T15:55:46.558572Z,"{""behavior_phase"":""stable""}"
444f8355-1ce6-4106-96d8-23fd982551cb,normal,,2026-01-07T15:56:27.073410Z,"{""behavior_phase"":""stable""}"
4fe56860-0fc9-41bd-bbb4-bf7f3d80a959,normal,,2026-01-07T16:11:52.121162Z,"{""behavior_phase"":""stable""}"
b918ab5a-f9cc-4fd2-97c2-b3a57263f872,normal,,2026-01-07T16:13:24.830918Z,"{""behavior_phase"":""stable""}"
ed9da638-3250-45c2-94c0-df1f5734f90c,normal,,2026-01-07T16:23:01.374509Z,"{""behavior_phase"":""stable""}"
c45d097f-ac16-4dcc-98e9-46dcd42a1aa6,normal,,2026-01-07T16:27:20.756341Z,"{""behavior_phase"":""stable""}"
9f5a834f-9cac-461e-93e0-6db1895315bf,normal,,2026-01-07T16:32:25.511556Z,"{""behavior_phase"":""stable""}"
2bff7aa1-c4fe-4ad2-ab2b-e92fc4350cbe,normal,,2026-01-07T16:34:26.452201Z,"{""behavior_phase"":""stable""}"
4efaee93-4fbd-4233-8256-70daf8070acd,normal,,2026-01-07T16:48:01.373019Z,"{""behavior_phase"":""stable""}"
4f4a4fa6-593a-4fac-9ffe-70cc35237fda,normal,,2026-01-07T16:48:44.049590Z,"{""behavior_phase"":""stable""}"
ceb209ac-480e-4104-9b01-745d40f8362f,normal,,2026-01-07T17:09:12.423967Z,"{""behavior_phase"":""stable""}"
fb895296-366f-4382-b715-6e2a72ae023e,normal,,2026-01-07T17:20:56.371411Z,"{""behavior_phase"":""stable""}"
cc372a47-8d3b-4369-bda6-b561ea011a45,normal,,2026-01-07T17:25:36.823506Z,"{""behavior_phase"":""stable""}"
165e617b-573f-4df3-88ae-78ad28cfb18d,normal,,2026-01-07T17:32:26.848275Z,"{""behavior_phase"":""stable""}"
8fd4e102-db7c-4e06-8364-2a75657503cb,normal,,2026-01-07T17:38:45.604261Z,"{""behavior_phase"":""stable""}"
8b888b5a-9e3c-4bb8-bcea-c574b7c0b5e9,normal,,2026-01-07T17:39:35.448265Z,"{""behavior_phase"":""stable""}"
488f48d2-56b7-48fd-ad11-c8cef66d5a45,normal,,2026-01-07T17:42:23.300063Z,"{""behavior_phase"":""stable""}"
6c5e482d-be14-4df7-b272-a2fb0bd10064,normal,,2026-01-07T17:45:14.068752Z,"{""behavior_phase"":""stable""}"
d10af308-9df0-4545-b7a4-9ca9a1bc7d9c,normal,,2026-01-07T17:48:41.575374Z,"{""behavior_phase"":""stable""}"
db87ba6a-a64a-47ed-a4aa-1e6a23d07b52,normal,,2026-01-07T17:54:50.101321Z,"{""behavior_phase"":""stable""}"
65b0599c-7872-4b72-9e0a-663ac0c79326,normal,,2026-01-07T17:58:07.446178Z,"{""behavior_phase"":""stable""}"
43b47cb4-cc44-4a81-b189-43af6738be95,normal,,2026-01-07T18:02:10.455509Z,"{""behavior_phase"":""stable""}"
252b1281-dbb2-4c6a-9862-511f7e0a8c5e,normal,,2026-01-07T18:04:49.906525Z,"{""behavior_phase"":""stable""}"
454c8f9d-debc-4461-a9d3-4f749e6c972f,normal,,2026-01-07T18:09:26.757639Z,"{""behavior_phase"":""stable""}"
8a93a5cc-b59a-46cf-a89c-34443d341d9a,normal,,2026-01-07T18:14:03.952991Z,"{""behavior_phase"":""stable""}"
616261d3-bbc2-4737-b35d-28e5ab5729a2,normal,,2026-01-07T18:22:29.713287Z,"{""behavior_phase"":""stable""}"
e63b809f-026b-4fef-bfd9-6990b9bec4cd,normal,,2026-01-07T18:27:38.042081Z,"{""behavior_phase"":""stable""}"
5fea100a-11bb-4f94-bbb0-a9870ef0446e,normal,,2026-01-07T18:33:54.713869Z,"{""behavior_phase"":""stable""}"
553e5c28-6d69-4b76-9a82-bbad31c86e38,normal,,2026-01-07T18:38:46.709090Z,"{""behavior_phase"":""stable""}"
ac4a0199-bd68-4937-ad95-62e0b6361b8f,normal,,2026-01-07T18:39:50.962916Z,"{""behavior_phase"":""stable""}"
bb5998df-0630-4675-91a1-8f5074b26766,normal,,2026-01-07T18:42:36.116864Z,"{""behavior_phase"":""stable""}"
803ad463-a052-4906-bb0f-fffcbd602c1e,normal,,2026-01-07T18:49:29.716713Z,"{""behavior_phase"":""stable""}"
57b8a7ab-eb70-4c45-95be-72480a9ae6a1,normal,,2026-01-07T18:50:17.285353Z,"{""behavior_phase"":""stable""}"
95527d98-b61f-40d5-bccb-40c7f756e62f,normal,,2026-01-07T18:56:06.276207Z,"{""behavior_phase"":""stable""}"
c8fcda0c-6a48-4ff6-b460-07e2ce07fb6b,normal,,2026-01-07T18:57:27.525966Z,"{""behavior_phase"":""stable""}"
c60bf94c-fbc6-4bf4-ba43-50d4bb2e4af3,normal,,2026-01-07T19:02:32.314605Z,"{""behavior_phase"":""stable""}"
6068bfde-5262-4135-a172-58121bab0adc,normal,,2026-01-07T19:03:59.481765Z,"{""behavior_phase"":""stable""}"
56f7ec3f-7c6b-4c6e-8fae-fde8efde13ae,normal,,2026-01-07T19:05:38.232089Z,"{""behavior_phase"":""stable""}"
e5e12d73-24a9-4fcf-ba76-6c999c078e84,normal,,2026-01-07T19:09:58.824577Z,"{""behavior_phase"":""stable""}"
4af2c643-8804-44a5-bae1-b10b9cad1c7b,normal,,2026-01-07T19:21:00.241755Z,"{""behavior_phase"":""stable""}"
9a5592b5-bdc2-4dc8-92aa-06472e59d0d2,normal,,2026-01-07T19:25:54.117888Z,"{""behavior_phase"":""stable""}"
2c4e630a-a8f1-48ef-a80a-799b2ba0d4c3,normal,,2026-01-07T19:30:36.033476Z,"{""behavior_phase"":""stable""}"
fed8d2be-4371-4663-8690-c0d94f9ebc5a,normal,,2026-01-07T19:35:53.901938Z,"{""behavior_phase"":""stable""}"
a2d34f67-7d10-46fe-884a-9c8392625d6d,normal,,2026-01-07T19:39:07.545773Z,"{""behavior_phase"":""stable""}"
0e6f582d-0941-415c-85d1-513ea3fce8f8,normal,,2026-01-07T19:43:47.960449Z,"{""behavior_phase"":""stable""}"
04835190-86a2-42ab-8bb2-bd0b4ebc0204,normal,,2026-01-07T20:11:13.531329Z,"{""behavior_phase"":""stable""}"
ede6f1ba-4121-40c0-98e8-71d140223a18,normal,,2026-01-07T20:12:33.017156Z,"{""behavior_phase"":""stable""}"
668de553-d8ed-481f-9c78-d48897d880ad,normal,,2026-01-07T20:13:32.474853Z,"{""behavior_phase"":""stable""}"
54c9069c-1725-47c3-b1fe-4d9bfdbb9db4,normal,,2026-01-07T20:16:23.699985Z,"{""behavior_phase"":""stable""}"
d4601219-ca6d-48aa-81f7-f1bf2e7298dd,normal,,2026-01-07T20:18:08.577549Z,"{""behavior_phase"":""stable""}"
fcb2a85b-1b60-4e08-9c4e-52f3cffac675,normal,,2026-01-07T20:26:30.819330Z,"{""behavior_phase"":""stable""}"
754c1524-24e4-4017-9cf9-101b9ba6ff8b,normal,,2026-01-07T20:26:49.194064Z,"{""behavior_phase"":""stable""}"
d605ad83-37b7-4f17-a874-19a1dbc68bc6,normal,,2026-01-07T20:29:17.600141Z,"{""behavior_phase"":""stable""}"
e7070c2a-0131-4c85-aedf-23b348d2b539,normal,,2026-01-07T20:31:04.670975Z,"{""behavior_phase"":""stable""}"
24dcdc8a-148b-46ab-b2d1-f1b438eeaf27,normal,,2026-01-07T20:32:40.406017Z,"{""behavior_phase"":""stable""}"
26062fa7-039d-41f4-8d11-6d8c457c109d,normal,,2026-01-07T20:33:41.132348Z,"{""behavior_phase"":""stable""}"
9f96e0ee-d799-4af0-964c-0118cbf55cae,normal,,2026-01-07T20:36:17.865895Z,"{""behavior_phase"":""stable""}"
d19090f7-2fcb-4172-bbce-940e482aedcb,normal,,2026-01-07T20:38:20.976667Z,"{""behavior_phase"":""stable""}"
5fad250a-905b-4f88-8e0d-c886c3c9e762,normal,,2026-01-07T20:45:08.093502Z,"{""behavior_phase"":""stable""}"
66f545af-af4c-4d0c-a7ea-a0f2bd0cddd7,normal,,2026-01-07T20:46:14.961675Z,"{""behavior_phase"":""stable""}"
17c76b38-4460-4a9e-af24-faef899f8f53,normal,,2026-01-07T20:59:43.125541Z,"{""behavior_phase"":""stable""}"
e2b574e5-e09f-4a99-b04a-7833596bb7e5,normal,,2026-01-07T21:03:38.745071Z,"{""behavior_phase"":""stable""}"
b1836581-ad30-4336-941c-e90f99cef817,normal,,2026-01-07T21:05:31.752437Z,"{""behavior_phase"":""stable""}"
34775e32-1d61-46c2-a871-45bae87785c8,normal,,2026-01-07T21:05:44.086662Z,"{""behavior_phase"":""stable""}"
460f8a3f-8702-4beb-9ad4-1c8e3f980fec,normal,,2026-01-07T21:05:50.184921Z,"{""behavior_phase"":""stable""}"
95f087ea-61a0-44eb-bcc5-30d072a8db95,normal,,2026-01-07T21:21:28.809217Z,"{""behavior_phase"":""stable""}"
7ec088de-464d-423f-8a03-af64fcf18316,normal,,2026-01-07T21:24:29.667449Z,"{""behavior_phase"":""stable""}"
9cf2239d-7a75-4a3f-a761-a40062924b69,normal,,2026-01-07T21:33:05.567777Z,"{""behavior_phase"":""stable""}"
8c68a610-a478-4c3e-b762-a7d128ae1262,normal,,2026-01-07T21:38:21.809699Z,"{""behavior_phase"":""stable""}"
47bccdb5-4608-457e-8c81-391814973979,normal,,2026-01-07T21:41:06.913764Z,"{""behavior_phase"":""stable""}"
f24219de-04dd-4a5e-95bc-bab4884c19cd,normal,,2026-01-07T21:42:27.722864Z,"{""behavior_phase"":""stable""}"
e5005b76-f090-4e4c-b324-11caa083bb28,normal,,2026-01-07T21:45:49.299401Z,"{""behavior_phase"":""stable""}"
f78b1cf1-b13d-4b7d-ba18-9118c53f64c6,normal,,2026-01-07T21:48:51.239639Z,"{""behavior_phase"":""stable""}"
7b9b2e43-6f2c-45b2-86ab-23e6eba58373,normal,,2026-01-07T21:49:03.471382Z,"{""behavior_phase"":""stable""}"
751c2955-bb8d-4789-9e35-b4ec7b434ff1,normal,,2026-01-07T22:03:32.910361Z,"{""behavior_phase"":""stable""}"
203822b1-e444-43ee-8506-688a08e93984,normal,,2026-01-07T22:06:34.058419Z,"{""behavior_phase"":""stable""}"
4beb494b-68a7-4f27-888e-747f6206150d,normal,,2026-01-07T22:15:26.566878Z,"{""behavior_phase"":""stable""}"
33bd9fda-42db-48b2-8551-48db189f36d1,normal,,2026-01-07T22:23:33.153149Z,"{""behavior_phase"":""stable""}"
a20599d4-3f85-4b26-957e-e33d9965a342,normal,,2026-01-07T22:27:38.740600Z,"{""behavior_phase"":""stable""}"
7737c803-cf83-4f53-9bd2-2dbaa78a1bfc,normal,,2026-01-07T22:30:21.561016Z,"{""behavior_phase"":""stable""}"
3a2570d2-3ce9-4586-929d-e67656dbc48c,normal,,2026-01-07T22:34:32.385358Z,"{""behavior_phase"":""stable""}"
61ee5f45-0e40-40eb-a489-6475bb1d625e,normal,,2026-01-07T22:44:56.325500Z,"{""behavior_phase"":""stable""}"
1ce7801d-d249-4af7-9d26-66258e9b7eef,low_and_slow_exfiltration,32383174-a519-48c8-b6c1-ec6554c08def,2026-01-07T22:50:46.832706Z,"{""campaign_size"":4,""campaign_step"":2}"
d3593859-17a4-40c3-8915-290907f1c538,normal,,2026-01-07T23:10:08.547473Z,"{""behavior_phase"":""stable""}"
a6e81779-0301-472e-836c-d16d4687fb19,normal,,2026-01-07T23:17:26.352290Z,"{""behavior_phase"":""stable""}"
fd4040fc-c14a-42c2-adf7-26b5ccffe0d2,normal,,2026-01-07T23:17:58.200777Z,"{""behavior_phase"":""stable""}"
eb4058bb-af9b-4400-b318-07a784fbd782,normal,,2026-01-07T23:38:13.484942Z,"{""behavior_phase"":""stable""}"
eb72697c-9db9-4476-b041-d6dc81e3d81d,normal,,2026-01-07T23:40:06.273121Z,"{""behavior_phase"":""stable""}"
eda49988-365d-48b0-b744-1a78d11555e5,normal,,2026-01-07T23:44:08.362882Z,"{""behavior_phase"":""stable""}"
f91a00e4-2c70-413a-9312-fd2c78dbaa3c,normal,,2026-01-07T23:45:36.680280Z,"{""behavior_phase"":""stable""}"
e56c2c3e-d523-4588-8987-39e7ed22d907,normal,,2026-01-07T23:47:33.518527Z,"{""behavior_phase"":""stable""}"
d4c05bed-0122-4346-b460-b6b07d7d6618,normal,,2026-01-07T23:57:54.781630Z,"{""behavior_phase"":""stable""}"
c574f5bf-0c0b-4724-9a0e-c48b7aebb1f8,normal,,2026-01-08T00:07:55.237449Z,"{""behavior_phase"":""stable""}"
ef9c5d86-2732-4ea5-83b8-03dbcc8f1e99,normal,,2026-01-08T00:08:36.793882Z,"{""behavior_phase"":""stable""}"
0b57f357-3306-46c8-8458-6fb35315dcfe,normal,,2026-01-08T00:23:05.428548Z,"{""behavior_phase"":""stable""}"
ff612bb8-47aa-425c-91bc-c82db5c08a2a,normal,,2026-01-08T00:24:53.522501Z,"{""behavior_phase"":""stable""}"
ab1cb48d-4c5e-47d6-96a8-7ec42ff30c0c,normal,,2026-01-08T00:33:52.731881Z,"{""behavior_phase"":""stable""}"
00122cb5-1ae2-47db-8f83-e8e445c8e404,normal,,2026-01-08T00:36:30.834590Z,"{""behavior_phase"":""stable""}"
055f97d3-fd1a-4cea-a7d7-9107e8474257,normal,,2026-01-08T00:45:46.718715Z,"{""behavior_phase"":""stable""}"
46ae640d-2e06-4da8-9481-23c933b3742d,normal,,2026-01-08T00:58:35.349356Z,"{""behavior_phase"":""stable""}"
1451e5fa-30bb-4a21-8b6d-aa17fb83947b,normal,,2026-01-08T01:09:48.136918Z,"{""behavior_phase"":""stable""}"
7018731a-3ddd-4c4d-a8c9-45687db73038,normal,,2026-01-08T01:14:37.432872Z,"{""behavior_phase"":""stable""}"
a3b6c3b5-ac9f-4eca-acd2-c0c524a73a60,normal,,2026-01-08T01:18:17.628964Z,"{""behavior_phase"":""stable""}"
d7a09f72-3581-423b-ae03-8a3f1bb347ea,normal,,2026-01-08T01:25:49.184520Z,"{""behavior_phase"":""stable""}"
f0558b15-bbab-4bce-8fc2-8825590fdb6f,normal,,2026-01-08T01:28:25.752309Z,"{""behavior_phase"":""stable""}"
ac796f06-fdc7-4965-b3f7-69f5da47d3f6,normal,,2026-01-08T01:30:39.212074Z,"{""behavior_phase"":""stable""}"
b7a9971d-395f-46d4-8ecf-5fb3981a2cde,normal,,2026-01-08T01:30:47.912141Z,"{""behavior_phase"":""stable""}"
ba4986b1-287d-40aa-a446-58a6644e55a6,normal,,2026-01-08T01:31:43.126548Z,"{""behavior_phase"":""stable""}"
de75ed3e-611a-4765-b80e-068df4ed14e2,normal,,2026-01-08T01:38:09.093470Z,"{""behavior_phase"":""stable""}"
a45cc3c7-2828-4cc2-b5cb-1defd432a15f,normal,,2026-01-08T01:49:08.443511Z,"{""behavior_phase"":""stable""}"
42b6e6e7-e00c-41ec-a65a-b708bb1dfc13,normal,,2026-01-08T01:51:32.149877Z,"{""behavior_phase"":""stable""}"
71164825-a68a-4dc7-815a-5a19ed8fe792,normal,,2026-01-08T01:53:48.570850Z,"{""behavior_phase"":""stable""}"
c58aa097-3fdd-4ddc-a0b2-bd23b8f5bd76,device_spoofing,f99802ae-e91c-4d7a-9081-a84d1dbe3d55,2026-01-08T01:55:56.336244Z,"{""campaign_size"":4,""campaign_step"":1}"
f1bda6a8-4b09-4263-8966-c7d1b25ba17c,normal,,2026-01-08T02:03:42.180310Z,"{""behavior_phase"":""stable""}"
4f1a5b02-fd48-48c1-a373-90f61b9590af,normal,,2026-01-08T02:07:21.039909Z,"{""behavior_phase"":""stable""}"
72bec7ee-9b3a-457c-a7df-ac93ddcfbb54,normal,,2026-01-08T02:07:31.425174Z,"{""behavior_phase"":""stable""}"
6b664a99-b5c5-4d93-ba23-149c6dca6a98,normal,,2026-01-08T02:10:20.227778Z,"{""behavior_phase"":""stable""}"
dc9bb4c5-c2ac-46ca-baaf-ca70d7fb9478,normal,,2026-01-08T02:10:56.702066Z,"{""behavior_phase"":""stable""}"
7d952cc0-9fbb-42b2-830c-fed337e83009,normal,,2026-01-08T02:27:42.675787Z,"{""behavior_phase"":""stable""}"
3947beb9-b43f-4785-83b2-f1d4b098273c,normal,,2026-01-08T02:28:20.912946Z,"{""behavior_phase"":""stable""}"
9bd34256-94f4-41d2-b013-d0962ce10175,normal,,2026-01-08T02:32:51.488701Z,"{""behavior_phase"":""stable""}"
f3f00b2c-36ba-4846-8db1-f865af6acc42,normal,,2026-01-08T02:34:33.035154Z,"{""behavior_phase"":""stable""}"
6b5748e0-f00a-4be7-a729-ea5421368e1c,normal,,2026-01-08T02:40:32.044725Z,"{""behavior_phase"":""stable""}"
05493887-4450-49f5-8840-b1df2079a95a,normal,,2026-01-08T02:42:44.978221Z,"{""behavior_phase"":""stable""}"
e86ba58d-aa0e-4295-8bb3-5e766d12ac82,normal,,2026-01-08T02:47:51.909225Z,"{""behavior_phase"":""stable""}"
5fa9e0fe-5e5a-4249-8b72-06ac16bb287c,normal,,2026-01-08T02:49:42.718807Z,"{""behavior_phase"":""stable""}"
4bc43e31-bb9c-453c-b899-1ba6c614c7f2,normal,,2026-01-08T02:51:37.844428Z,"{""behavior_phase"":""stable""}"
87a22e27-a13b-4198-94bd-ea5108a23c99,normal,,2026-01-08T02:57:51.674355Z,"{""behavior_phase"":""stable""}"
a850bc08-c3fb-4bf6-8b3b-94795ff5352f,normal,,2026-01-08T02:58:22.444131Z,"{""behavior_phase"":""stable""}"
00911ee2-ba91-4b4e-94f2-d6b5d3cbd7fd,normal,,2026-01-08T02:58:42.167597Z,"{""behavior_phase"":""stable""}"
01cf4cf0-30a3-4b71-9c24-bcefc9937c4a,normal,,2026-01-08T03:00:14.063538Z,"{""behavior_phase"":""stable""}"
174ff5f0-3db1-400a-8495-3af028ad01e2,normal,,2026-01-08T03:13:54.651005Z,"{""behavior_phase"":""stable""}"
1adc47fe-1654-4950-a961-f4861f59ff3a,normal,,2026-01-08T03:23:37.080995Z,"{""behavior_phase"":""stable""}"
040f5994-42e0-4ac1-b959-753821694ce8,normal,,2026-01-08T03:24:01.401913Z,"{""behavior_phase"":""stable""}"
3efecbff-115d-49cb-aa5b-31c377a6ec61,normal,,2026-01-08T03:26:41.513721Z,"{""behavior_phase"":""stable""}"
43d35cfc-ec4d-48de-9f99-e5f1bd81ff51,normal,,2026-01-08T03:32:03.355244Z,"{""behavior_phase"":""stable""}"
151f6d16-4f5d-40a3-948c-38679c9e0d51,normal,,2026-01-08T03:41:03.601332Z,"{""behavior_phase"":""stable""}"
7ea266a2-4c14-460e-922f-647c64d2fb9f,normal,,2026-01-08T03:46:16.942247Z,"{""behavior_phase"":""stable""}"
aa9792a7-66fa-4d41-b1d4-05c4e9a6ca91,normal,,2026-01-08T04:01:58.373441Z,"{""behavior_phase"":""stable""}"
03c98942-23d9-4a1c-be20-78647a144030,normal,,2026-01-08T04:06:26.073654Z,"{""behavior_phase"":""stable""}"
9586de31-d89b-486f-91c8-d38c8c7156b1,normal,,2026-01-08T04:07:26.717130Z,"{""behavior_phase"":""stable""}"
e6ecd4b2-9c7b-4acb-9a54-08ec276df246,normal,,2026-01-08T04:14:32.426537Z,"{""behavior_phase"":""stable""}"
f66e75db-2277-46c0-8941-39be870b1c87,normal,,2026-01-08T04:17:18.306926Z,"{""behavior_phase"":""stable""}"
a31db129-0b3e-4ebf-8b5f-53a62cff6120,normal,,2026-01-08T04:18:30.087843Z,"{""behavior_phase"":""stable""}"
ef9f10f2-b2c0-4ba4-9646-c8173f535098,normal,,2026-01-08T04:21:18.302609Z,"{""behavior_phase"":""stable""}"
f6cebc9c-2376-469c-a56e-83107bf1c911,normal,,2026-01-08T04:25:14.568115Z,"{""behavior_phase"":""stable""}"
f8f3213e-f193-4707-9c2d-1d444f41353c,normal,,2026-01-08T04:29:38.762113Z,"{""behavior_phase"":""stable""}"
dfc0cb40-b8bb-4af9-a925-a70e48a99333,device_spoofing,f99802ae-e91c-4d7a-9081-a84d1dbe3d55,2026-01-08T04:35:41.451750Z,"{""campaign_size"":4,""campaign_step"":2}"
e1e4a600-74de-484c-a39c-9793146b216e,normal,,2026-01-08T04:39:33.672405Z,"{""behavior_phase"":""stable""}"
66da1eb9-1eae-454e-8d9b-c4498ee32799,normal,,2026-01-08T04:45:19.192891Z,"{""behavior_phase"":""stable""}"
19901859-3a2a-47f7-b5ef-4cc84aa1eb20,normal,,2026-01-08T04:46:50.527348Z,"{""behavior_phase"":""stable""}"
275afd62-40fc-4da7-9552-e944c0019439,normal,,2026-01-08T04:50:29.798356Z,"{""behavior_phase"":""stable""}"
167440fa-f2e8-4c6d-a5f6-c5e210e0d560,normal,,2026-01-08T04:52:00.056141Z,"{""behavior_phase"":""stable""}"
0c39c737-fcc8-4f36-b6d5-468e454577f4,normal,,2026-01-08T05:00:57.841427Z,"{""behavior_phase"":""stable""}"
ef8356b5-15a7-420a-94be-7480555a99f1,normal,,2026-01-08T05:01:23.090612Z,"{""behavior_phase"":""stable""}"
69f7bf2f-bb2c-4539-9076-b359c2ac7c76,normal,,2026-01-08T05:09:45.028706Z,"{""behavior_phase"":""stable""}"
51885038-750b-43d6-a424-04363551f8b6,normal,,2026-01-08T05:16:17.039843Z,"{""behavior_phase"":""stable""}"
5887eaee-36ac-4689-b73b-7b91c5484f20,normal,,2026-01-08T05:23:20.939688Z,"{""behavior_phase"":""stable""}"
a57df87c-1504-4a5e-86d2-af33e6b1d6e9,normal,,2026-01-08T05:25:28.018540Z,"{""behavior_phase"":""stable""}"
a90bc673-9381-4c0f-ac07-f764eed8be13,normal,,2026-01-08T05:25:42.887015Z,"{""behavior_phase"":""stable""}"
3750fb87-7faf-4fae-986d-cea9e654ed58,normal,,2026-01-08T05:29:12.592459Z,"{""behavior_phase"":""stable""}"
15239eb2-9b8e-4f37-b31e-baef8ff25ae8,normal,,2026-01-08T05:49:35.162921Z,"{""behavior_phase"":""stable""}"
82a2cd80-d841-4179-8146-90a74897e6ea,normal,,2026-01-08T05:49:50.655104Z,"{""behavior_phase"":""stable""}"
aae8b1c8-b301-46a6-9bac-69325cc7aaf4,normal,,2026-01-08T05:49:53.723436Z,"{""behavior_phase"":""stable""}"
88400ffb-17eb-4f43-b73e-4a7b62cbd41d,normal,,2026-01-08T05:51:54.896817Z,"{""behavior_phase"":""stable""}"
ba49559c-4a02-4151-a0d0-0b611d5f7e89,normal,,2026-01-08T05:53:19.383267Z,"{""behavior_phase"":""stable""}"
a1d9778f-dc8c-454c-9b10-b9ee2286d72c,normal,,2026-01-08T06:06:08.348687Z,"{""behavior_phase"":""stable""}"
89758d3c-d7ce-4ebe-ab78-619f02ac3a90,normal,,2026-01-08T06:09:47.879596Z,"{""behavior_phase"":""stable""}"
eb56111b-53fc-4b78-a41e-2e712d7358c7,normal,,2026-01-08T06:09:55.949555Z,"{""behavior_phase"":""stable""}"
d1923a23-6ca5-4249-874c-a98b640ab452,normal,,2026-01-08T06:16:55.484016Z,"{""behavior_phase"":""stable""}"
25e3b48f-077a-4653-b50e-69e2b3254f0f,normal,,2026-01-08T06:20:59.392174Z,"{""behavior_phase"":""stable""}"
d0850698-6e01-4f42-97dc-a71877967fd2,normal,,2026-01-08T06:34:53.495533Z,"{""behavior_phase"":""stable""}"
1800aa15-e248-48ea-b8a1-9808ef66ca50,normal,,2026-01-08T06:36:32.713039Z,"{""behavior_phase"":""stable""}"
e30d31df-785d-437a-9cbc-91ed78b57aa6,normal,,2026-01-08T06:42:34.329368Z,"{""behavior_phase"":""stable""}"
eb940505-105b-4fac-b6d9-6da9685708ef,normal,,2026-01-08T06:44:43.906853Z,"{""behavior_phase"":""stable""}"
d8b24eb6-dae7-4124-9d19-1b2b8d9de12b,normal,,2026-01-08T06:45:18.639232Z,"{""behavior_phase"":""stable""}"
88fe51bd-48c6-4b8c-9f43-453c58f402f4,normal,,2026-01-08T06:47:00.719628Z,"{""behavior_phase"":""stable""}"
71750d15-993c-4475-8b57-e686669e0918,normal,,2026-01-08T06:55:36.772229Z,"{""behavior_phase"":""stable""}"
a3a60042-b45e-4cc1-85aa-1eadc9b60fed,normal,,2026-01-08T06:58:28.335804Z,"{""behavior_phase"":""stable""}"
8fc7ef1b-3176-443f-97f9-49578c610e2d,normal,,2026-01-08T07:00:44.796149Z,"{""behavior_phase"":""stable""}"
913655ba-b6dc-4c54-8c2a-eb6944c24331,normal,,2026-01-08T07:07:23.762197Z,"{""behavior_phase"":""stable""}"
d079965f-16d4-45ac-a809-2674221ef78e,normal,,2026-01-08T07:08:54.155170Z,"{""behavior_phase"":""stable""}"
b0b8af18-f6fc-436a-9352-a59f0f9ee161,normal,,2026-01-08T07:12:59.797026Z,"{""behavior_phase"":""stable""}"
c96e5fb2-a66d-40ce-9c5c-b31f5495b124,normal,,2026-01-08T07:33:23.723348Z,"{""behavior_phase"":""stable""}"
5a4d7a50-214c-4948-a99e-d3fbb71b8011,normal,,2026-01-08T07:39:17.446712Z,"{""behavior_phase"":""stable""}"
75aac406-e05d-4d77-be21-de34679b68e6,normal,,2026-01-08T07:42:33.939834Z,"{""behavior_phase"":""stable""}"
26b6078f-7dde-4228-b00e-45d143c40cf1,normal,,2026-01-08T07:47:16.083436Z,"{""behavior_phase"":""stable""}"
0d52195b-658d-4b86-8eda-00470f61e87c,normal,,2026-01-08T07:49:08.587256Z,"{""behavior_phase"":""stable""}"
f7c54001-9f02-433c-a67e-52ec453a434a,normal,,2026-01-08T07:55:47.861941Z,"{""behavior_phase"":""stable""}"
ca5dc633-b9fa-4691-89e4-9aca4cd70e9b,normal,,2026-01-08T07:56:17.072680Z,"{""behavior_phase"":""stable""}"
3ad699f8-97d9-4f70-9ab9-592c57e90b57,normal,,2026-01-08T07:57:35.839998Z,"{""behavior_phase"":""stable""}"
4f74ee04-8bb6-4ac9-b55e-37a42edb6af6,normal,,2026-01-08T07:58:36.650867Z,"{""behavior_phase"":""stable""}"
117979c2-9331-40d1-a452-f604f99475f8,normal,,2026-01-08T07:58:57.950555Z,"{""behavior_phase"":""stable""}"
b2cb34a1-7ae2-4c93-a8fa-452f0cd2c29a,normal,,2026-01-08T08:01:58.457513Z,"{""behavior_phase"":""stable""}"
5cc67da5-a18d-4b48-ab25-5fecfc2259b6,normal,,2026-01-08T08:02:02.800344Z,"{""behavior_phase"":""stable""}"
f55d76d3-cc02-4df6-930f-e756285bf5f5,normal,,2026-01-08T08:06:15.557901Z,"{""behavior_phase"":""stable""}"
d546e04a-5e9a-4dcc-896d-093b62574122,normal,,2026-01-08T08:07:49.139352Z,"{""behavior_phase"":""stable""}"
eadd8506-32c1-4f10-a5c2-d112b388d7ad,normal,,2026-01-08T08:09:21.214670Z,"{""behavior_phase"":""stable""}"
241ffe19-e0b4-4810-ba8a-82fb15ea3bbd,normal,,2026-01-08T08:13:40.555855Z,"{""behavior_phase"":""stable""}"
6331832b-0d89-4c69-af8e-95befb6d26c6,normal,,2026-01-08T08:14:44.157680Z,"{""behavior_phase"":""stable""}"
57f9b4f3-4541-4508-b54e-98ed9669f0c1,normal,,2026-01-08T08:26:05.727132Z,"{""behavior_phase"":""stable""}"
0bcdd304-7989-4506-996f-bf48a957c351,normal,,2026-01-08T08:26:17.539963Z,"{""behavior_phase"":""stable""}"
82256846-4b7a-4b05-93de-5cd94af2746d,normal,,2026-01-08T08:27:09.923319Z,"{""behavior_phase"":""stable""}"
857548cf-cc76-4480-8ae8-63a7f77931b2,normal,,2026-01-08T08:30:51.896246Z,"{""behavior_phase"":""stable""}"
72761f68-39bd-4508-8011-5cbc905a1187,normal,,2026-01-08T08:40:41.346549Z,"{""behavior_phase"":""stable""}"
866fe065-4e3b-4c2e-948e-ecd7388c5769,normal,,2026-01-08T08:42:33.182744Z,"{""behavior_phase"":""stable""}"
ec5a3a09-7212-448d-8607-ea00d996f600,normal,,2026-01-08T08:43:20.713653Z,"{""behavior_phase"":""stable""}"
8911c916-8bac-43dc-87ce-663889f05cc8,normal,,2026-01-08T08:43:58.018044Z,"{""behavior_phase"":""stable""}"
3e220de9-4790-4bd8-80ca-2f708b84d687,normal,,2026-01-08T08:47:50.511876Z,"{""behavior_phase"":""stable""}"
febd9a42-e070-46d9-8ed3-a971e9f82024,normal,,2026-01-08T08:48:09.820264Z,"{""behavior_phase"":""stable""}"
71851dc0-e7a7-49b6-9d44-13d248d22ae2,normal,,2026-01-08T08:54:27.239255Z,"{""behavior_phase"":""stable""}"
ee37d424-521b-4950-94f9-f403ff378662,normal,,2026-01-08T08:55:59.980743Z,"{""behavior_phase"":""stable""}"
24f13e9f-abbf-472d-b080-20fa242b5fe2,normal,,2026-01-08T09:00:36.193240Z,"{""behavior_phase"":""stable""}"
64fc2fb2-72f5-4e42-bee5-4e09e3e5a2d0,normal,,2026-01-08T09:01:08.305063Z,"{""behavior_phase"":""stable""}"
544b7f36-b868-4406-8c2c-02f3c6bf62f7,normal,,2026-01-08T09:11:47.209628Z,"{""behavior_phase"":""stable""}"
52d071b2-5877-471b-91a1-1b13824dee5a,normal,,2026-01-08T09:14:34.013106Z,"{""behavior_phase"":""stable""}"
2ee0dffa-a516-475d-b9e2-e8f2b9374f4b,normal,,2026-01-08T09:22:09.727713Z,"{""behavior_phase"":""stable""}"
b81cb4f8-6c0a-4bc6-a4e6-03aec1148885,normal,,2026-01-08T09:25:53.253402Z,"{""behavior_phase"":""stable""}"
a7046b0e-7422-4444-bafe-4f729f361d27,normal,,2026-01-08T09:30:39.315325Z,"{""behavior_phase"":""stable""}"
d9359896-f5fe-4eec-93cb-0ee458d35312,normal,,2026-01-08T09:36:54.740208Z,"{""behavior_phase"":""stable""}"
4f61f518-7d25-4993-abd5-0aa08ff64e39,normal,,2026-01-08T09:40:31.471776Z,"{""behavior_phase"":""stable""}"
2ef58b7e-c720-4262-82da-479c5d4ce01b,normal,,2026-01-08T09:49:53.129244Z,"{""behavior_phase"":""stable""}"
92c977ee-cef0-4a5c-bb2f-5849386c2117,normal,,2026-01-08T09:58:38.445728Z,"{""behavior_phase"":""stable""}"
2ae9a5f4-3c33-4367-a20f-cdbd0308dfb3,normal,,2026-01-08T10:00:10.983009Z,"{""behavior_phase"":""stable""}"
ada01d97-c537-4859-8962-66bfeefa83a2,normal,,2026-01-08T10:03:53.137016Z,"{""behavior_phase"":""stable""}"
97c57627-47d0-40b3-9f26-cc15fa889250,normal,,2026-01-08T10:06:06.481785Z,"{""behavior_phase"":""stable""}"
9a67ff67-4662-4e30-b801-36529c99183d,normal,,2026-01-08T10:06:20.390686Z,"{""behavior_phase"":""stable""}"
8d5401d6-c4f4-4ffa-bf7b-554d245d3bd2,normal,,2026-01-08T10:19:00.803122Z,"{""behavior_phase"":""stable""}"
7bc8f634-6578-4b06-8e9a-91ac6c007b26,normal,,2026-01-08T10:26:17.155360Z,"{""behavior_phase"":""stable""}"
2b56de82-6ba6-4c28-a581-ff16825981d8,normal,,2026-01-08T10:44:25.885630Z,"{""behavior_phase"":""stable""}"
77ff5b88-4348-4806-b7b3-d9494ea1050d,normal,,2026-01-08T10:47:41.111473Z,"{""behavior_phase"":""stable""}"
36f7a21b-aa83-438d-bd14-beb29bcaa762,normal,,2026-01-08T10:48:58.070012Z,"{""behavior_phase"":""stable""}"
4bbb255f-c2c9-4b3b-b99b-d4613c6b76dd,normal,,2026-01-08T10:54:57.419240Z,"{""behavior_phase"":""stable""}"
d5617e51-6735-427f-ab7b-f6120da3f047,normal,,2026-01-08T11:00:02.949899Z,"{""behavior_phase"":""stable""}"
ac9f9852-4860-47d8-b1b8-6bedb4c61216,normal,,2026-01-08T11:00:16.792138Z,"{""behavior_phase"":""stable""}"
32721680-fc69-4a90-a7f6-709d187c7abf,normal,,2026-01-08T11:01:38.712552Z,"{""behavior_phase"":""stable""}"
e74d198e-8c65-4e6b-9b12-0cb55d31e525,normal,,2026-01-08T11:19:51.109368Z,"{""behavior_phase"":""stable""}"
4f4f8737-5245-41a1-89ee-1d7d6b7e394d,normal,,2026-01-08T11:22:10.496043Z,"{""behavior_phase"":""stable""}"
e7694b6b-3499-4e43-822d-6e1670b68a91,normal,,2026-01-08T11:26:05.677940Z,"{""behavior_phase"":""stable""}"
6a42644b-2c9e-4027-80cb-336201fad288,normal,,2026-01-08T11:28:57.855654Z,"{""behavior_phase"":""stable""}"
c471b9f7-2f3f-4cde-945f-2916d7d56f25,normal,,2026-01-08T11:31:47.243085Z,"{""behavior_phase"":""stable""}"
ba0d1ff5-2b4e-4aba-9237-ad2c38e018b7,normal,,2026-01-08T11:44:28.391770Z,"{""behavior_phase"":""stable""}"
e5dd0f67-d2eb-4994-84dc-67284d7c1225,normal,,2026-01-08T11:50:27.343002Z,"{""behavior_phase"":""stable""}"
e90130f9-e109-4d61-bf65-e2119897a749,normal,,2026-01-08T11:53:23.194938Z,"{""behavior_phase"":""stable""}"
c6e0474a-b7b4-4dd7-9053-6913d778662c,normal,,2026-01-08T11:53:49.843634Z,"{""behavior_phase"":""stable""}"
38239d12-188f-44cf-bdc1-fbbde60d2a6e,normal,,2026-01-08T11:57:45.323486Z,"{""behavior_phase"":""stable""}"
a67277b2-f5ca-4b01-a7f6-bc3f4553c33d,normal,,2026-01-08T12:00:15.975957Z,"{""behavior_phase"":""stable""}"
1fca3395-4f08-4ae3-bdd5-a4e1031a2220,normal,,2026-01-08T12:06:18.892666Z,"{""behavior_phase"":""stable""}"
8ec4dc84-a1f9-4d84-841c-123b2453b999,normal,,2026-01-08T12:07:12.777625Z,"{""behavior_phase"":""stable""}"
2123f8e0-551f-4adb-a01e-5e4abd0e67f1,normal,,2026-01-08T12:09:01.258262Z,"{""behavior_phase"":""stable""}"
5a64a2d9-7d41-45b1-a5b9-7e115b4042a8,normal,,2026-01-08T12:10:17.825070Z,"{""behavior_phase"":""stable""}"
f6562ba1-ab2b-406d-93cd-7447920fe482,normal,,2026-01-08T12:21:10.516301Z,"{""behavior_phase"":""stable""}"
a7d142c8-97fb-4ea6-8300-75df43620f49,normal,,2026-01-08T12:22:03.791106Z,"{""behavior_phase"":""stable""}"
c6b97c8c-20ab-4da1-af25-89a9b1270690,normal,,2026-01-08T12:27:11.162469Z,"{""behavior_phase"":""stable""}"
5a7bd3be-a7c9-4bd5-9569-9cd7ed3793f9,normal,,2026-01-08T12:29:30.839461Z,"{""behavior_phase"":""stable""}"
91369f50-6d90-4e56-989c-33a9510d9f04,normal,,2026-01-08T12:37:46.194915Z,"{""behavior_phase"":""stable""}"
dcbc9633-878e-4322-9788-aa2d48f3d876,credential_stuffing,66fa1b2e-71e2-46ca-863f-e579f7db13d8,2026-01-08T12:44:51.054058Z,"{""campaign_size"":5,""campaign_step"":1}"
03a8957a-2ced-4778-92f4-7d0f3d4308af,normal,,2026-01-08T12:45:23.679449Z,"{""behavior_phase"":""stable""}"
85ac40e6-ea33-45fd-b4ad-4dcee10628d9,normal,,2026-01-08T12:48:22.358877Z,"{""behavior_phase"":""stable""}"
fd4a3843-b769-41b4-8ac0-90abfaa5f788,normal,,2026-01-08T12:55:52.348233Z,"{""behavior_phase"":""stable""}"
b11614cf-ec5c-48c9-a58c-9e008943e0ae,normal,,2026-01-08T13:06:08.522444Z,"{""behavior_phase"":""stable""}"
61336e47-3665-4156-8d30-7a44e1df98d8,normal,,2026-01-08T13:13:32.268900Z,"{""behavior_phase"":""stable""}"
dfedce4f-422e-458f-b6b2-67bfa97b4768,normal,,2026-01-08T13:20:55.506709Z,"{""behavior_phase"":""stable""}"
67fd6389-8ec2-4036-8204-d339921cf359,normal,,2026-01-08T13:21:20.907305Z,"{""behavior_phase"":""stable""}"
3ef42631-0a0d-4435-9253-d049d4511e54,normal,,2026-01-08T13:32:23.677697Z,"{""behavior_phase"":""stable""}"
ac50e9c2-3ff7-4749-b79b-226acb9d19c2,normal,,2026-01-08T13:32:45.446785Z,"{""behavior_phase"":""stable""}"
ad31df77-b14f-45e5-ab9f-e14c9f41b0df,normal,,2026-01-08T13:33:29.986333Z,"{""behavior_phase"":""stable""}"
cbff56ae-2ffb-43e5-bf2f-ed5eb563e08b,normal,,2026-01-08T13:38:30.886233Z,"{""behavior_phase"":""stable""}"
f9136301-a3d1-4fc8-bea2-2af8d8015099,normal,,2026-01-08T13:44:54.592651Z,"{""behavior_phase"":""stable""}"
47e7189a-fd9f-49fe-b097-9d626a1a0e4e,normal,,2026-01-08T14:00:16.235045Z,"{""behavior_phase"":""stable""}"
65f86767-d25f-4baf-a3ed-d743e1bbd2b4,normal,,2026-01-08T14:04:25.951009Z,"{""behavior_phase"":""stable""}"
c71a55d7-05ac-4771-b8e1-b42d424ddbce,normal,,2026-01-08T14:07:29.197083Z,"{""behavior_phase"":""stable""}"
02c41a80-324a-4bf2-8f2a-17899636afd4,normal,,2026-01-08T14:16:23.314890Z,"{""behavior_phase"":""stable""}"
4b65cca3-4444-45c9-9443-70125eb5c2c1,normal,,2026-01-08T14:16:45.496710Z,"{""behavior_phase"":""stable""}"
1cd6328d-ea16-4883-982a-94590017fa13,normal,,2026-01-08T14:26:06.415386Z,"{""behavior_phase"":""stable""}"
246fd619-3869-4c31-b78f-a98543d01218,normal,,2026-01-08T14:40:46.110353Z,"{""behavior_phase"":""stable""}"
f95c38c0-5865-46b9-b0c2-b1eec293380b,normal,,2026-01-08T14:42:24.273340Z,"{""behavior_phase"":""stable""}"
315a3088-3add-45eb-a0e1-14707b0c7234,normal,,2026-01-08T14:46:03.222826Z,"{""behavior_phase"":""stable""}"
0a1d54f4-7bfa-4ab7-8f3c-5d51d755efb8,normal,,2026-01-08T14:46:47.290856Z,"{""behavior_phase"":""stable""}"
7771402e-af4d-4636-b9f6-c8e81f69a822,normal,,2026-01-08T14:47:32.105704Z,"{""behavior_phase"":""stable""}"
fa9bd973-b463-4b78-8a7f-b7f4a41812dc,normal,,2026-01-08T15:00:17.428436Z,"{""behavior_phase"":""stable""}"
837f8f52-7b1d-4571-9fb2-6f1561f3ac15,normal,,2026-01-08T15:01:13.010523Z,"{""behavior_phase"":""stable""}"
42286bcd-ad3b-4aad-8f6e-9eec87cd2e3b,normal,,2026-01-08T15:02:33.305436Z,"{""behavior_phase"":""stable""}"
bd481dab-d61a-4654-bc7c-76ca8f13adfd,normal,,2026-01-08T15:09:52.777836Z,"{""behavior_phase"":""stable""}"
e89e70d1-d336-4b7d-aa24-e2a5a9042a72,normal,,2026-01-08T15:11:11.290613Z,"{""behavior_phase"":""stable""}"
c5a4d492-6f2c-41c6-852f-006507d5186f,normal,,2026-01-08T15:15:13.161109Z,"{""behavior_phase"":""stable""}"
c6f8a821-b7a0-4978-b12d-f9f67f00faa4,normal,,2026-01-08T15:16:57.763734Z,"{""behavior_phase"":""stable""}"
6f799f02-d3e0-4431-8f93-5e625a85ff5d,normal,,2026-01-08T15:21:20.720124Z,"{""behavior_phase"":""stable""}"
eb760030-a6da-4bf4-8807-3063fd587ccc,normal,,2026-01-08T15:24:31.606011Z,"{""behavior_phase"":""stable""}"
f009182a-d7f3-4dbe-9e1c-86f01c4c72d0,normal,,2026-01-08T15:36:46.493151Z,"{""behavior_phase"":""stable""}"
df2e90f9-aac0-46fe-8a53-8ef11588381c,normal,,2026-01-08T15:45:22.032550Z,"{""behavior_phase"":""stable""}"
5531923d-edae-47f2-8085-dc30dc384bcf,normal,,2026-01-08T15:49:10.638865Z,"{""behavior_phase"":""stable""}"
dfe851f1-79cb-41d2-88ec-f20655b1d040,normal,,2026-01-08T15:50:36.264218Z,"{""behavior_phase"":""stable""}"
cd40e98c-77f2-4ea4-ab85-143b2e1e6881,normal,,2026-01-08T15:54:25.268925Z,"{""behavior_phase"":""stable""}"
58181347-f92e-4991-9b14-113eea5ddb51,normal,,2026-01-08T15:57:02.353495Z,"{""behavior_phase"":""stable""}"
7e30a285-0834-443c-b668-e52f10173203,normal,,2026-01-08T16:07:51.121295Z,"{""behavior_phase"":""stable""}"
d4758296-ac70-4a86-a07d-c562c9fd5a94,normal,,2026-01-08T16:19:22.055289Z,"{""behavior_phase"":""stable""}"
86a37748-c5cf-4f0e-83d8-041985f07a16,normal,,2026-01-08T16:33:41.468446Z,"{""behavior_phase"":""stable""}"
e8b43cfd-3a42-471a-b440-619a46dd7ba7,normal,,2026-01-08T16:41:38.589194Z,"{""behavior_phase"":""stable""}"
66dae6ea-20c9-4a98-be65-3db7cc2f2974,normal,,2026-01-08T16:42:49.015109Z,"{""behavior_phase"":""stable""}"
509dae3b-e6d3-4e96-bc4b-202c525ba003,normal,,2026-01-08T16:44:52.492791Z,"{""behavior_phase"":""stable""}"
cf983622-4b12-4ec4-ad8a-f66a294bd4ad,normal,,2026-01-08T16:50:03.005080Z,"{""behavior_phase"":""stable""}"
6bf8fcaa-eee1-4eab-af49-ba1c471cdb64,normal,,2026-01-08T16:50:40.841703Z,"{""behavior_phase"":""stable""}"
e919271b-6cb4-4c4b-898f-78088622aac6,normal,,2026-01-08T16:53:36.942417Z,"{""behavior_phase"":""stable""}"
2db2b133-0384-4b19-89ee-01630b542f53,normal,,2026-01-08T16:55:59.405311Z,"{""behavior_phase"":""stable""}"
4d2e539d-fee0-4b50-ab6c-d9238f783f7c,normal,,2026-01-08T16:59:23.176001Z,"{""behavior_phase"":""stable""}"
beef460d-fc1a-4af4-b4aa-ee049743c014,normal,,2026-01-08T17:00:39.638661Z,"{""behavior_phase"":""stable""}"
6b1fe347-a424-4e2c-ae0a-f43ca11b3bc9,normal,,2026-01-08T17:12:48.636921Z,"{""behavior_phase"":""stable""}"
bb7c83fe-b688-4488-8e6b-534e039ae8a5,normal,,2026-01-08T17:12:56.715485Z,"{""behavior_phase"":""stable""}"
63885ff5-d3b8-4e21-adab-7c4fd15d76bb,normal,,2026-01-08T17:14:36.064751Z,"{""behavior_phase"":""stable""}"
755a5489-7eb0-4c2a-83d2-13f41093d3cd,normal,,2026-01-08T17:15:36.941396Z,"{""behavior_phase"":""stable""}"
7a81c25f-5b40-4291-b66c-114175d47d86,normal,,2026-01-08T17:17:59.561000Z,"{""behavior_phase"":""stable""}"
f953df65-31f3-433a-b3cc-42c9c2beea52,normal,,2026-01-08T17:30:02.934514Z,"{""behavior_phase"":""stable""}"
57c6632d-4f26-44cc-bf66-406619090fc3,normal,,2026-01-08T17:34:22.632500Z,"{""behavior_phase"":""stable""}"
ef7a3fc6-5eb3-4a03-b35b-bb377c0653bb,normal,,2026-01-08T17:36:38.652403Z,"{""behavior_phase"":""stable""}"
a1ddd476-bbb5-476d-b493-f10dd031f71b,normal,,2026-01-08T17:39:13.249073Z,"{""behavior_phase"":""stable""}"
20334ed3-c497-4a41-945e-3a1275586691,normal,,2026-01-08T17:41:01.245789Z,"{""behavior_phase"":""stable""}"
06bbe332-26cd-4ff0-bf69-055d7813093e,normal,,2026-01-08T17:42:18.724184Z,"{""behavior_phase"":""stable""}"
fd224c95-8363-4570-8f1d-d5f1bd14a0d9,normal,,2026-01-08T17:43:36.830784Z,"{""behavior_phase"":""stable""}"
4aafcbd4-da3a-4815-9a21-d655bb67f419,normal,,2026-01-08T17:54:53.053802Z,"{""behavior_phase"":""stable""}"
5349df76-6990-4b6f-89da-032c55d4c256,normal,,2026-01-08T17:55:26.690131Z,"{""behavior_phase"":""stable""}"
c57f351e-4b9d-43f0-9a98-249cae18af2c,normal,,2026-01-08T17:59:12.287461Z,"{""behavior_phase"":""stable""}"
090d84a9-be24-44db-af3b-e24806ad7fe7,normal,,2026-01-08T18:02:26.772197Z,"{""behavior_phase"":""stable""}"
a475a4d1-017d-46fd-ab22-bd7a697b915d,normal,,2026-01-08T18:02:57.030707Z,"{""behavior_phase"":""stable""}"
378b9ef6-054e-46f3-8253-e602caa8976f,normal,,2026-01-08T18:07:32.060129Z,"{""behavior_phase"":""stable""}"
d138706c-5726-40de-9378-5ab279e8ca8d,normal,,2026-01-08T18:16:00.928746Z,"{""behavior_phase"":""stable""}"
e35955d4-d979-4172-a5c8-90d9ea4477eb,normal,,2026-01-08T18:21:41.605381Z,"{""behavior_phase"":""stable""}"
375eb866-6b48-495e-97aa-c0fbd16d4697,normal,,2026-01-08T18:22:56.956696Z,"{""behavior_phase"":""stable""}"
7252d73f-5853-40f4-9e86-323b04447068,normal,,2026-01-08T18:30:25.022205Z,"{""behavior_phase"":""stable""}"
3c2fc2b5-9f58-4d27-830a-a72baff707d9,normal,,2026-01-08T18:31:39.904152Z,"{""behavior_phase"":""stable""}"
85e8480b-a661-4ec2-9e82-3db789a306b0,normal,,2026-01-08T18:32:55.567336Z,"{""behavior_phase"":""stable""}"
e736dae4-94a2-40a0-847d-787491b46282,device_spoofing,f99802ae-e91c-4d7a-9081-a84d1dbe3d55,2026-01-08T18:38:07.815340Z,"{""campaign_size"":4,""campaign_step"":3}"
5d754c17-283a-498a-b957-9ca8d49b5414,normal,,2026-01-08T18:42:05.524654Z,"{""behavior_phase"":""stable""}"
a585f3c7-dcf2-4fff-9800-f5197620322f,normal,,2026-01-08T18:44:12.464388Z,"{""behavior_phase"":""stable""}"
e7f52218-3304-4440-a2d2-8b94be77fc59,normal,,2026-01-08T18:47:45.493997Z,"{""behavior_phase"":""stable""}"
6bf9964e-1ab2-431e-926a-0459638e1acd,normal,,2026-01-08T18:56:28.177488Z,"{""behavior_phase"":""stable""}"
18f4946a-95d1-4fd7-8b5a-caa6323cc99a,normal,,2026-01-08T18:56:55.043158Z,"{""behavior_phase"":""stable""}"
557b1454-988c-41e5-b67f-a230232316a8,normal,,2026-01-08T19:04:22.145137Z,"{""behavior_phase"":""stable""}"
e218b476-f75d-45d1-b0d8-dec4103272f7,normal,,2026-01-08T19:04:59.412815Z,"{""behavior_phase"":""stable""}"
786df9fe-d2ef-4b68-a498-bf0cecc2be31,normal,,2026-01-08T19:08:29.262653Z,"{""behavior_phase"":""stable""}"
9ef9fa5c-e1ca-451d-b6bb-d8743bd0e228,normal,,2026-01-08T19:09:21.784989Z,"{""behavior_phase"":""stable""}"
bb557db5-0695-481e-a626-0a3127471dcf,normal,,2026-01-08T19:10:01.146791Z,"{""behavior_phase"":""stable""}"
ef98241c-512b-4385-8096-d96c107de633,normal,,2026-01-08T19:11:35.706530Z,"{""behavior_phase"":""stable""}"
3a937218-60f7-4f0a-8b22-ecf50b73ed02,normal,,2026-01-08T19:13:00.325597Z,"{""behavior_phase"":""stable""}"
07baf2e3-9123-48c9-8147-f819a1a3dcd2,normal,,2026-01-08T19:14:20.853555Z,"{""behavior_phase"":""stable""}"
cbf124e4-ef0f-4201-be22-93cb14276e90,normal,,2026-01-08T19:19:36.177505Z,"{""behavior_phase"":""stable""}"
f6805c61-d9da-4d31-a47a-a0324760f3ce,normal,,2026-01-08T19:25:34.214575Z,"{""behavior_phase"":""stable""}"
34a1dc69-f77e-4cba-a8ae-6fb5c6e6fd9a,credential_stuffing,66fa1b2e-71e2-46ca-863f-e579f7db13d8,2026-01-08T19:42:27.310001Z,"{""campaign_size"":5,""campaign_step"":2}"
b2f7d526-81b5-4be9-b792-106c12972eb9,normal,,2026-01-08T19:44:02.779274Z,"{""behavior_phase"":""stable""}"
30a9b948-a795-42da-a757-1c024adee344,normal,,2026-01-08T19:44:42.884384Z,"{""behavior_phase"":""stable""}"
12cd1c60-a291-4b77-9c50-61cf7407c314,normal,,2026-01-08T19:51:12.608613Z,"{""behavior_phase"":""stable""}"
17426e3c-e680-40f4-9237-77b903e99096,normal,,2026-01-08T19:52:31.381149Z,"{""behavior_phase"":""stable""}"
3d07f535-3305-4202-9782-dad44b7fe32b,normal,,2026-01-08T19:52:51.540383Z,"{""behavior_phase"":""stable""}"
b1850052-0055-4641-998c-015d7eab1c53,credential_stuffing,66fa1b2e-71e2-46ca-863f-e579f7db13d8,2026-01-08T19:59:39.119384Z,"{""campaign_size"":5,""campaign_step"":3}"
60cf2e6f-c6fb-44fa-b4e4-2ec0775b3558,normal,,2026-01-08T20:10:10.864769Z,"{""behavior_phase"":""stable""}"
4145265f-3893-483b-b901-64a4556c545d,normal,,2026-01-08T20:20:48.135390Z,"{""behavior_phase"":""stable""}"
ed16e03e-f237-489c-a12c-4b0d68b8ab65,normal,,2026-01-08T20:35:30.310668Z,"{""behavior_phase"":""concept_drift""}"
f91430d8-39a6-48a5-89bd-c188f8d041dc,normal,,2026-01-08T20:36:20.513340Z,"{""behavior_phase"":""stable""}"
942f3c77-ae97-42d4-a207-0c1bb252e597,normal,,2026-01-08T20:43:28.046952Z,"{""behavior_phase"":""stable""}"
6382ff90-dfb4-47b8-bb21-989a511c841f,normal,,2026-01-08T20:46:40.330966Z,"{""behavior_phase"":""stable""}"
7b6d895b-4847-47cf-b3d6-5274beb011e4,normal,,2026-01-08T20:48:58.820303Z,"{""behavior_phase"":""stable""}"
ab165471-47b6-40a3-ad76-7dfc4975943e,normal,,2026-01-08T20:54:29.659685Z,"{""behavior_phase"":""stable""}"
b751760b-9c26-4755-b718-292cbe7731d6,normal,,2026-01-08T20:54:39.428760Z,"{""behavior_phase"":""stable""}"
64fa83b0-e37c-4321-bf74-1f74cad3df22,normal,,2026-01-08T21:01:10.050159Z,"{""behavior_phase"":""stable""}"
cb241d4e-1472-44ee-bfd9-591b44a2ec71,normal,,2026-01-08T21:02:26.443849Z,"{""behavior_phase"":""stable""}"
993784ca-991a-424d-bfa7-965117ed8f56,normal,,2026-01-08T21:14:15.612825Z,"{""behavior_phase"":""concept_drift""}"
eecbb866-6cbd-4a39-9c7b-8115dd7ef24a,normal,,2026-01-08T21:18:43.597672Z,"{""behavior_phase"":""stable""}"
539ea1d7-22d1-4be2-9212-a10e9dc2f20a,normal,,2026-01-08T21:22:04.811918Z,"{""behavior_phase"":""concept_drift""}"
d785719c-1f8e-4b9e-9dfa-cb3162385c81,normal,,2026-01-08T21:25:17.994866Z,"{""behavior_phase"":""stable""}"
157d5fbe-7d56-470c-972b-24dde7a90bc4,normal,,2026-01-08T21:32:45.572209Z,"{""behavior_phase"":""stable""}"
cecc3f2d-f166-48ea-bee3-6cd0a4f7bbcc,normal,,2026-01-08T21:37:47.686637Z,"{""behavior_phase"":""stable""}"
3bbd90a8-99a0-46f2-9a45-eeeec4caa491,normal,,2026-01-08T21:40:26.507408Z,"{""behavior_phase"":""stable""}"
1b261435-724e-4370-a25b-383cf157a378,normal,,2026-01-08T21:50:56.141471Z,"{""behavior_phase"":""stable""}"
96aa62fd-b70c-4000-9a3c-7a2d5c7019ce,normal,,2026-01-08T21:54:26.875865Z,"{""behavior_phase"":""stable""}"
02519954-15b1-48cc-9237-028e71248ef2,normal,,2026-01-08T21:55:14.026571Z,"{""behavior_phase"":""stable""}"
a2a200aa-e301-4c35-a412-d554208e4c4b,normal,,2026-01-08T21:57:04.958129Z,"{""behavior_phase"":""stable""}"
e5717771-5e30-4b02-b35e-11e3d8fd1420,normal,,2026-01-08T21:57:57.309999Z,"{""behavior_phase"":""stable""}"
c8754b01-8eae-4f09-94a7-e9d53e106d64,normal,,2026-01-08T22:06:58.074741Z,"{""behavior_phase"":""stable""}"
3ed1f1ca-00d5-4497-9eee-84ff113734b6,normal,,2026-01-08T22:07:33.446732Z,"{""behavior_phase"":""stable""}"
c41cd7ad-a361-4ce8-b4bf-9cf1a7e818eb,normal,,2026-01-08T22:14:48.152211Z,"{""behavior_phase"":""stable""}"
ce5a6dc7-8a1f-4a60-8a35-f3af16b2b063,normal,,2026-01-08T22:25:44.329127Z,"{""behavior_phase"":""stable""}"
81ca3815-c532-4383-933b-5b8f2ba059e9,normal,,2026-01-08T22:32:08.899034Z,"{""behavior_phase"":""stable""}"
b98aadb8-b362-4ebd-ba4c-469b3999dc8f,normal,,2026-01-08T22:41:20.441552Z,"{""behavior_phase"":""stable""}"
f278f673-f4e9-47b7-8125-9fa3939818fa,normal,,2026-01-08T22:41:37.692143Z,"{""behavior_phase"":""stable""}"
9d741a89-5e63-4530-aa70-2ebaa4ad6329,normal,,2026-01-08T22:49:16.664305Z,"{""behavior_phase"":""stable""}"
b3c10b92-a5fe-41d9-ad91-9f73fd1a3d74,normal,,2026-01-08T22:50:57.362263Z,"{""behavior_phase"":""stable""}"
88a6a768-4256-42b9-9b0a-adc31be485a3,normal,,2026-01-08T22:53:29.754563Z,"{""behavior_phase"":""concept_drift""}"
887aae7b-7a12-4313-b53f-d8001ce3b66f,normal,,2026-01-08T22:53:35.707533Z,"{""behavior_phase"":""stable""}"
b9f4eb39-b04b-4390-818a-cf858b694b54,normal,,2026-01-08T22:55:29.995427Z,"{""behavior_phase"":""concept_drift""}"
c3a73d79-e8ae-4998-a0ce-7ecf1269b573,normal,,2026-01-08T23:03:41.592590Z,"{""behavior_phase"":""stable""}"
51b61207-6a72-44db-a00e-37e07c77e027,normal,,2026-01-08T23:05:30.828549Z,"{""behavior_phase"":""stable""}"
34c234da-bf55-4308-ac30-8290df507f99,normal,,2026-01-08T23:08:51.041293Z,"{""behavior_phase"":""stable""}"
069abd2f-0315-40ca-aa91-4200b7a110fc,normal,,2026-01-08T23:11:03.816016Z,"{""behavior_phase"":""concept_drift""}"
9cae224c-e78e-4ad4-adad-1af7a4d9acc0,normal,,2026-01-08T23:12:21.010020Z,"{""behavior_phase"":""stable""}"
9966f714-1b74-4855-9400-6f55477f0c0b,normal,,2026-01-08T23:17:17.804239Z,"{""behavior_phase"":""stable""}"
8abd77a7-0096-4162-83ff-8bc7daf58368,normal,,2026-01-08T23:21:47.224461Z,"{""behavior_phase"":""concept_drift""}"
f4986df7-7601-43d7-be55-95902da6c37a,normal,,2026-01-08T23:29:18.570302Z,"{""behavior_phase"":""stable""}"
f2921d3e-eeb5-48bf-94c7-574a09dc4b15,normal,,2026-01-08T23:38:58.049406Z,"{""behavior_phase"":""stable""}"
0a30e6ee-8e08-41dc-b53f-52dca3bda511,lateral_movement,1128810f-7d12-4cc6-be37-9343c0455e87,2026-01-08T23:51:26.788719Z,"{""campaign_size"":4,""campaign_step"":2}"
149b7a43-2ff6-4f1e-8544-4947950f2555,impossible_travel,2237967d-0c9f-49a7-852b-4982699acf55,2026-01-08T23:59:51.982738Z,"{""campaign_size"":4,""campaign_step"":1}"
88e58c87-1c2f-402e-8b8b-aef4afedb91d,normal,,2026-01-09T00:03:21.061514Z,"{""behavior_phase"":""concept_drift""}"
22395036-649c-419f-a494-4c839c3edba2,normal,,2026-01-09T00:08:05.432843Z,"{""behavior_phase"":""stable""}"
c85116a0-9a2c-44ab-96a3-0b2e87201673,normal,,2026-01-09T00:12:30.652227Z,"{""behavior_phase"":""stable""}"
2f800c2b-db19-4bcd-8484-975ffab9cebf,normal,,2026-01-09T00:25:30.758021Z,"{""behavior_phase"":""stable""}"
20f1ad6f-3894-4b42-8ede-e578eae14f14,normal,,2026-01-09T00:27:50.160120Z,"{""behavior_phase"":""stable""}"
472f8430-2501-4494-a32e-f4be31c1220d,normal,,2026-01-09T00:30:24.470042Z,"{""behavior_phase"":""concept_drift""}"
fed30da6-e915-400b-a830-6508b87acd55,lateral_movement,1128810f-7d12-4cc6-be37-9343c0455e87,2026-01-09T00:37:57.929707Z,"{""campaign_size"":4,""campaign_step"":3}"
835bde72-4b9f-4542-8459-aed842c57c33,normal,,2026-01-09T00:54:38.426944Z,"{""behavior_phase"":""stable""}"
72b1d08b-f49a-41c9-b80e-879ad43b7b22,normal,,2026-01-09T01:00:53.200453Z,"{""behavior_phase"":""concept_drift""}"
4455ba23-ec5b-47e1-a2ce-9744e50481e8,normal,,2026-01-09T01:02:19.625611Z,"{""behavior_phase"":""stable""}"
9f377a84-5bea-4b7a-aba8-c7a9b39c2826,normal,,2026-01-09T01:15:00.393668Z,"{""behavior_phase"":""stable""}"
6291ff02-92fb-418d-bd97-d0f5db5ed913,normal,,2026-01-09T01:15:58.280064Z,"{""behavior_phase"":""stable""}"
06d729d5-a122-4a5b-935d-fbdd39b9078c,impossible_travel,2237967d-0c9f-49a7-852b-4982699acf55,2026-01-09T01:16:23.112921Z,"{""campaign_size"":4,""campaign_step"":2}"
7a0aba96-cab0-4b49-be86-c801f198b6db,normal,,2026-01-09T01:17:45.074130Z,"{""behavior_phase"":""stable""}"
c6d7dd03-1ac8-43ed-8344-61522f650f2d,normal,,2026-01-09T01:20:18.754476Z,"{""behavior_phase"":""stable""}"
cc22d0c2-d6c8-4069-bc75-88b4fd369c70,normal,,2026-01-09T01:22:36.026205Z,"{""behavior_phase"":""concept_drift""}"
6fb7cfe5-a30a-41cd-aee0-fb939a8a12dc,normal,,2026-01-09T01:24:15.516816Z,"{""behavior_phase"":""concept_drift""}"
79bdf3fa-5e4c-4b52-8b4e-79b5528e646d,normal,,2026-01-09T01:26:02.230312Z,"{""behavior_phase"":""stable""}"
cfca0033-0f04-4786-8d26-1bc1f27f9e08,normal,,2026-01-09T01:42:47.697278Z,"{""behavior_phase"":""stable""}"
d76c6363-c557-4a5c-b705-a6179da00901,normal,,2026-01-09T01:52:44.965942Z,"{""behavior_phase"":""stable""}"
6ae46bd4-5ad9-4dec-b3e5-93d3da513051,normal,,2026-01-09T01:53:33.239742Z,"{""behavior_phase"":""concept_drift""}"
4e38b9c3-78ff-45dc-95c7-657ecf92b45f,normal,,2026-01-09T01:54:55.040312Z,"{""behavior_phase"":""stable""}"
198cbb24-07b2-4d2a-909d-7225978f3b96,normal,,2026-01-09T01:58:55.543808Z,"{""behavior_phase"":""stable""}"
9c8634ff-1caf-4e84-b6d1-f498358f8ad3,normal,,2026-01-09T02:06:27.276148Z,"{""behavior_phase"":""stable""}"
841cce65-9639-42cd-83f5-e29031f49e78,normal,,2026-01-09T02:09:47.757195Z,"{""behavior_phase"":""stable""}"
df573a2f-fddc-4174-8ad7-1da1b7d5a9c8,normal,,2026-01-09T02:19:36.693905Z,"{""behavior_phase"":""stable""}"
c0455582-83a9-4612-a889-0e8e17aa85a8,normal,,2026-01-09T02:27:32.498922Z,"{""behavior_phase"":""stable""}"
2aafd95c-44d9-472a-aeca-f79e0c6adb32,normal,,2026-01-09T02:28:45.572531Z,"{""behavior_phase"":""concept_drift""}"
1c134a6c-4527-49c8-a1a0-2db0e7365966,normal,,2026-01-09T02:30:05.479981Z,"{""behavior_phase"":""stable""}"
1dcafc55-ff9c-4823-9ff0-cd40c6ec25ab,normal,,2026-01-09T02:35:25.041176Z,"{""behavior_phase"":""stable""}"
7e0d459c-44d0-4416-ae65-f7a5fb281726,normal,,2026-01-09T02:40:06.801341Z,"{""behavior_phase"":""stable""}"
3321f0f7-8dec-4063-ac61-67a3ba5cf51c,normal,,2026-01-09T02:56:26.720592Z,"{""behavior_phase"":""stable""}"
79610d95-25ea-47d6-a76b-78e94c13a705,normal,,2026-01-09T03:07:44.506008Z,"{""behavior_phase"":""stable""}"
c61764e5-4ecc-47d6-ad78-ed12dc42f64e,normal,,2026-01-09T03:19:41.673864Z,"{""behavior_phase"":""stable""}"
c908aace-d9cb-41b2-b3cf-b14c8cfebd2e,normal,,2026-01-09T03:27:57.289449Z,"{""behavior_phase"":""stable""}"
7d149eb8-8d18-43a5-b26b-7cfb22b471f1,normal,,2026-01-09T03:48:58.296666Z,"{""behavior_phase"":""stable""}"
9652f183-24fc-4a1f-9074-0961a9864750,normal,,2026-01-09T03:50:25.140837Z,"{""behavior_phase"":""concept_drift""}"
d9ef02ce-adaf-4541-8ffa-17eb911a0b54,normal,,2026-01-09T03:56:03.268845Z,"{""behavior_phase"":""stable""}"
6484b386-8085-4809-9a29-0846945c7827,normal,,2026-01-09T03:58:02.045684Z,"{""behavior_phase"":""stable""}"
662b71f3-b82b-4b93-8d72-d82994516c11,normal,,2026-01-09T03:58:56.001821Z,"{""behavior_phase"":""concept_drift""}"
5eb8e46a-d06a-4f2f-945c-8ff5eb3915c9,normal,,2026-01-09T04:00:53.297528Z,"{""behavior_phase"":""stable""}"
55c1e229-4594-4657-a9f6-2793348227b3,normal,,2026-01-09T04:05:42.782986Z,"{""behavior_phase"":""stable""}"
32eeef7a-1e98-40be-ab6f-b78bb31b94d0,normal,,2026-01-09T04:09:25.671364Z,"{""behavior_phase"":""stable""}"
7607b891-2590-4db7-b53b-263f30135131,credential_stuffing,66fa1b2e-71e2-46ca-863f-e579f7db13d8,2026-01-09T04:19:41.906620Z,"{""campaign_size"":5,""campaign_step"":4}"
56366d82-59de-4f8d-a2ed-6e85f21f437d,normal,,2026-01-09T04:28:53.938825Z,"{""behavior_phase"":""stable""}"
b409b854-7193-48d0-afe5-8ae8bf015f10,normal,,2026-01-09T04:31:48.143004Z,"{""behavior_phase"":""stable""}"
9561fef4-5b9f-4319-8214-608dd6d377a8,normal,,2026-01-09T04:39:16.623615Z,"{""behavior_phase"":""stable""}"
6d909dd2-a2de-4d62-a3e1-287f18663f9e,normal,,2026-01-09T04:39:19.815518Z,"{""behavior_phase"":""stable""}"
ce374525-31b9-46a7-9113-12ea4aaaf854,normal,,2026-01-09T04:40:32.345377Z,"{""behavior_phase"":""stable""}"
bbc279c5-f9f3-4845-a13f-63e01045979e,normal,,2026-01-09T04:42:42.745118Z,"{""behavior_phase"":""concept_drift""}"
8b016d6c-0b6e-4a87-8e07-5009648b0800,normal,,2026-01-09T04:42:42.925654Z,"{""behavior_phase"":""concept_drift""}"
1d2e1746-eddb-455b-a757-939dcce8342b,normal,,2026-01-09T04:48:06.639658Z,"{""behavior_phase"":""stable""}"
62442e0a-71b9-483d-8b4f-49f86bdd3c40,normal,,2026-01-09T04:58:49.426641Z,"{""behavior_phase"":""stable""}"
3c488e3f-454d-4ba0-bf3b-bd35fb484937,normal,,2026-01-09T05:23:47.534845Z,"{""behavior_phase"":""stable""}"
ecaa4a84-852c-4139-8e9e-cfcfb3fa633e,normal,,2026-01-09T05:28:29.650586Z,"{""behavior_phase"":""stable""}"
4be9f92a-bd7f-4e97-9be9-1e35f9caaca4,normal,,2026-01-09T05:29:40.812053Z,"{""behavior_phase"":""stable""}"
7278e6ad-4ded-407b-8a1f-7e322929be89,normal,,2026-01-09T05:33:52.809748Z,"{""behavior_phase"":""stable""}"
f69e6d48-aa72-427b-ad02-d9bbdb67f258,normal,,2026-01-09T05:36:56.931702Z,"{""behavior_phase"":""concept_drift""}"
ab74516a-0d13-4ae8-95b1-a4b02a6f76b3,normal,,2026-01-09T05:38:10.315360Z,"{""behavior_phase"":""stable""}"
66227aa8-0842-41ea-ae63-627b1c0aeebc,normal,,2026-01-09T05:40:22.254331Z,"{""behavior_phase"":""stable""}"
2ee67390-30c1-40ec-8eb1-de60980da87e,normal,,2026-01-09T05:56:39.410270Z,"{""behavior_phase"":""stable""}"
179399eb-384b-43a5-bf8f-19e7cf6199da,normal,,2026-01-09T06:01:42.155980Z,"{""behavior_phase"":""stable""}"
65345497-4b39-4679-96ee-3812d067294f,normal,,2026-01-09T06:01:55.842801Z,"{""behavior_phase"":""stable""}"
a5799b28-f5d8-4287-a4f6-72af592a36a6,normal,,2026-01-09T06:02:13.533728Z,"{""behavior_phase"":""stable""}"
99b095d5-4021-43f2-b19e-63101d25c458,normal,,2026-01-09T06:13:24.009503Z,"{""behavior_phase"":""stable""}"
8e068523-2101-4660-be33-1338a78daa56,normal,,2026-01-09T06:13:28.368119Z,"{""behavior_phase"":""stable""}"
280e723a-d6a6-450f-bd22-114555be3d77,normal,,2026-01-09T06:13:50.918500Z,"{""behavior_phase"":""stable""}"
c4cdce45-0866-4ab9-ac02-9a82a9d867ad,normal,,2026-01-09T06:15:45.301299Z,"{""behavior_phase"":""stable""}"
2397ded0-34b9-4a99-a159-b2e842b82987,normal,,2026-01-09T06:16:25.841394Z,"{""behavior_phase"":""concept_drift""}"
3202e59b-09a8-4ed8-8f2f-5781a3bf1f5e,normal,,2026-01-09T06:21:25.906437Z,"{""behavior_phase"":""stable""}"
18399dfb-5cd4-4827-96b3-6247b62ae04d,normal,,2026-01-09T06:24:40.891865Z,"{""behavior_phase"":""stable""}"
da11c25e-77cc-4725-b011-f8e146f1a01e,normal,,2026-01-09T06:34:11.752929Z,"{""behavior_phase"":""concept_drift""}"
1778defa-470a-474e-84fd-09e154b8a1d8,normal,,2026-01-09T06:48:12.509644Z,"{""behavior_phase"":""stable""}"
2a012b6c-af12-42da-a4a1-2cdc4746e0af,normal,,2026-01-09T06:49:11.966523Z,"{""behavior_phase"":""stable""}"
2ca3e5b6-6f8d-4235-bd9a-aab5032e3184,normal,,2026-01-09T06:51:20.046360Z,"{""behavior_phase"":""concept_drift""}"
c8e08417-e381-45b1-ac4d-baf2af2bda04,normal,,2026-01-09T06:54:59.244714Z,"{""behavior_phase"":""concept_drift""}"
89519833-95c9-4dd9-a52f-7ad83f697142,normal,,2026-01-09T06:55:18.896985Z,"{""behavior_phase"":""stable""}"
da0efc20-79df-4fe1-a681-1f2bfc0db2d1,normal,,2026-01-09T06:55:21.435871Z,"{""behavior_phase"":""stable""}"
c3f1e145-172e-4203-af31-f739c125435e,normal,,2026-01-09T06:56:23.376049Z,"{""behavior_phase"":""stable""}"
149fdbe3-23f7-44e4-ae7a-17b66019e3ba,normal,,2026-01-09T06:59:02.611279Z,"{""behavior_phase"":""stable""}"
f55e2486-9a3f-4947-92d2-89f91d9fd176,normal,,2026-01-09T07:05:11.048188Z,"{""behavior_phase"":""stable""}"
d21fd785-9a6b-406a-b5bc-63684a279c81,normal,,2026-01-09T07:12:59.376465Z,"{""behavior_phase"":""stable""}"
68ca6567-b277-4995-b44d-9aa21d3d978a,normal,,2026-01-09T07:17:10.304124Z,"{""behavior_phase"":""stable""}"
ee6c1a36-8cb4-42f6-ad0c-a8fd7b1a7e9f,normal,,2026-01-09T07:23:42.477863Z,"{""behavior_phase"":""stable""}"
7f164bea-a219-4821-b90a-d2df9deeabe7,normal,,2026-01-09T07:33:06.062924Z,"{""behavior_phase"":""stable""}"
2d0546df-be2b-4bec-bd57-dfe7c3ce8035,normal,,2026-01-09T07:34:29.549929Z,"{""behavior_phase"":""concept_drift""}"
0fc8a27e-04e3-45c4-9501-f6ca712126f8,normal,,2026-01-09T07:38:31.121534Z,"{""behavior_phase"":""concept_drift""}"
dbb27316-d2dd-4be0-8d19-3f7e74b903d1,normal,,2026-01-09T07:41:28.408503Z,"{""behavior_phase"":""stable""}"
c3e24533-7193-47d6-8abf-b7243e402896,normal,,2026-01-09T07:41:47.958685Z,"{""behavior_phase"":""stable""}"
052ea6e4-2b62-45a9-9316-45b0caf86356,normal,,2026-01-09T07:46:33.221400Z,"{""behavior_phase"":""concept_drift""}"
0a52e720-9c29-4949-b0d1-3e4da16e9433,normal,,2026-01-09T07:46:33.419180Z,"{""behavior_phase"":""stable""}"
78d4621c-c9e2-4a68-9a40-5c3419cf17d1,normal,,2026-01-09T07:46:44.691286Z,"{""behavior_phase"":""stable""}"
a6a15be7-e687-4960-b7eb-d9b4243e66fa,normal,,2026-01-09T07:58:57.425220Z,"{""behavior_phase"":""stable""}"
17ca70bd-8e95-4b6d-9ad5-b2677f714237,normal,,2026-01-09T08:06:45.586439Z,"{""behavior_phase"":""stable""}"
a9dfa78d-bd87-44b9-a497-a827146a53f4,normal,,2026-01-09T08:19:12.433764Z,"{""behavior_phase"":""concept_drift""}"
9a9a6558-9d6c-438a-82bb-c0be9097351a,normal,,2026-01-09T08:20:28.396659Z,"{""behavior_phase"":""stable""}"
9365dea8-470c-4510-8707-58aef374607a,normal,,2026-01-09T08:21:59.729204Z,"{""behavior_phase"":""stable""}"
cba3b23c-2b1d-486f-9059-44fed7908737,normal,,2026-01-09T08:23:42.752525Z,"{""behavior_phase"":""stable""}"
f7bc2d61-c9b4-445f-924a-ab9c690ecc5e,normal,,2026-01-09T08:25:14.701576Z,"{""behavior_phase"":""concept_drift""}"
a238c7e4-124a-492d-9419-cfee97db95a1,normal,,2026-01-09T08:31:16.935057Z,"{""behavior_phase"":""stable""}"
91a72a3a-35c8-4709-be98-202d93d6b1e9,normal,,2026-01-09T08:36:10.369812Z,"{""behavior_phase"":""stable""}"
65cfb474-74b3-4c1f-b399-90a8ff14e848,normal,,2026-01-09T08:39:00.994035Z,"{""behavior_phase"":""stable""}"
f58c1712-81bc-4124-a63c-8ff13250dfa6,normal,,2026-01-09T08:43:52.485142Z,"{""behavior_phase"":""stable""}"
66c902fe-ce4d-482f-9087-c4edc86298c0,normal,,2026-01-09T08:46:48.792023Z,"{""behavior_phase"":""stable""}"
a9f517dd-c171-482e-954e-869af8b9ec81,normal,,2026-01-09T08:53:31.661795Z,"{""behavior_phase"":""stable""}"
62cdb20a-d33a-46a5-ab01-f2be433e08bb,normal,,2026-01-09T09:00:06.209246Z,"{""behavior_phase"":""stable""}"
bc42f410-65f7-48fc-9be0-3dd7993a06c8,normal,,2026-01-09T09:03:05.347817Z,"{""behavior_phase"":""stable""}"
fc472a34-af93-473c-afea-d1ff46019e8e,normal,,2026-01-09T09:06:40.388922Z,"{""behavior_phase"":""stable""}"
b3944bee-0e0b-4cd0-a3f9-b87d0041e57c,normal,,2026-01-09T09:12:40.854384Z,"{""behavior_phase"":""concept_drift""}"
ec996936-f6e6-4818-b81e-8515421e0e74,normal,,2026-01-09T09:20:19.759350Z,"{""behavior_phase"":""stable""}"
7ad58a12-aa10-4d4d-bd7d-8eac9b1a2b87,normal,,2026-01-09T09:25:23.294517Z,"{""behavior_phase"":""stable""}"
24fe092a-a519-42a1-8cb7-8ceb81ee2d08,normal,,2026-01-09T09:50:19.392569Z,"{""behavior_phase"":""stable""}"
45a9792e-dc92-46d9-8cff-74b15de18255,normal,,2026-01-09T09:57:23.192237Z,"{""behavior_phase"":""stable""}"
a9284b13-39ca-4e31-9529-99d6821de275,normal,,2026-01-09T09:57:56.162519Z,"{""behavior_phase"":""stable""}"
87a154b0-e25b-4cc2-8070-683f7aaa7f06,normal,,2026-01-09T09:58:02.109631Z,"{""behavior_phase"":""stable""}"
ba61c3d7-8e2c-42da-bb35-bcb87a5a5a58,normal,,2026-01-09T10:10:59.861340Z,"{""behavior_phase"":""concept_drift""}"
94740bba-87dc-402a-beed-2f86788c5db0,normal,,2026-01-09T10:20:17.870217Z,"{""behavior_phase"":""stable""}"
5d36e2ee-d500-4b78-bedf-d0eab101cf1c,normal,,2026-01-09T10:24:29.717163Z,"{""behavior_phase"":""stable""}"
3c0fdbf2-b4e8-4f4d-8d1e-ca21864ba1dd,normal,,2026-01-09T10:37:24.391056Z,"{""behavior_phase"":""stable""}"
90f06e21-2f55-4410-94ec-c5618a0a5846,normal,,2026-01-09T10:51:09.667591Z,"{""behavior_phase"":""stable""}"
738c20cc-de04-49fa-9ce2-bdbe9dd84ab5,normal,,2026-01-09T10:59:22.997201Z,"{""behavior_phase"":""stable""}"
5878166b-3028-4110-97aa-c0dca165ba1e,normal,,2026-01-09T11:04:11.465234Z,"{""behavior_phase"":""stable""}"
d5c71d90-1414-4304-8776-d4a94245348e,normal,,2026-01-09T11:05:23.619873Z,"{""behavior_phase"":""stable""}"
85c53a42-988d-400f-871f-bebde6ccb89f,normal,,2026-01-09T11:08:05.318243Z,"{""behavior_phase"":""stable""}"
04784cd6-125c-4876-b7e8-57b56b707ba9,normal,,2026-01-09T11:08:10.262367Z,"{""behavior_phase"":""stable""}"
abed2f43-1741-4f3c-bcfe-0335a6e19a56,normal,,2026-01-09T11:11:34.617445Z,"{""behavior_phase"":""stable""}"
fa34f0ce-2638-4eb1-b716-5a9b1463ea07,normal,,2026-01-09T11:12:09.794824Z,"{""behavior_phase"":""stable""}"
4f1b3eff-a4a6-48de-8ce0-610c0b879fc9,normal,,2026-01-09T11:14:31.265472Z,"{""behavior_phase"":""concept_drift""}"
17e88184-5d14-429f-aceb-f0235c69391c,normal,,2026-01-09T11:14:49.770731Z,"{""behavior_phase"":""stable""}"
83188e4d-32c8-4285-86f1-4246f19d1116,normal,,2026-01-09T11:16:18.764164Z,"{""behavior_phase"":""stable""}"
22be7a77-bdaa-4f7d-9211-7f18e421c7e2,normal,,2026-01-09T11:26:09.561862Z,"{""behavior_phase"":""stable""}"
1819feeb-ffa6-44d3-a17c-8ab575f1b9fe,normal,,2026-01-09T11:31:13.395489Z,"{""behavior_phase"":""stable""}"
d312a3a3-3be5-47bf-a91b-9fc007c6b8c6,normal,,2026-01-09T11:32:57.473762Z,"{""behavior_phase"":""stable""}"
ea884897-7e98-48a5-a8cc-abf70b5e53df,normal,,2026-01-09T11:36:08.618382Z,"{""behavior_phase"":""stable""}"
ed1384f4-80e0-4062-86f5-dcfa06ec2254,normal,,2026-01-09T11:40:52.057381Z,"{""behavior_phase"":""stable""}"
96d5b779-7c67-458d-b918-eb7a3a903082,normal,,2026-01-09T11:42:42.664059Z,"{""behavior_phase"":""stable""}"
258e2dac-8b2e-4906-aad0-21ee05f490af,normal,,2026-01-09T11:46:50.469445Z,"{""behavior_phase"":""stable""}"
f14915d4-1483-4eb7-8847-9c098751d404,normal,,2026-01-09T11:55:19.819042Z,"{""behavior_phase"":""stable""}"
e8159156-dccb-4d57-aa53-6190b3fb557a,normal,,2026-01-09T12:05:22.631605Z,"{""behavior_phase"":""stable""}"
39158077-58d6-4f93-9689-6a1137c99499,normal,,2026-01-09T12:05:45.931623Z,"{""behavior_phase"":""stable""}"
bd09a538-2147-459f-b276-2e8c3e10ffd6,normal,,2026-01-09T12:10:26.996944Z,"{""behavior_phase"":""stable""}"
67f10039-0c1f-496c-87a4-c685f9b5064a,normal,,2026-01-09T12:14:34.906421Z,"{""behavior_phase"":""stable""}"
53cb5390-aaa0-4db2-a025-47b708a42cb1,normal,,2026-01-09T12:21:51.807723Z,"{""behavior_phase"":""stable""}"
33197899-fd08-4fda-a26b-a2bf121f13fc,normal,,2026-01-09T12:27:34.652379Z,"{""behavior_phase"":""stable""}"
ce9ef15e-8823-451c-b77a-d75ee2b95700,normal,,2026-01-09T12:33:26.603173Z,"{""behavior_phase"":""stable""}"
ec3a1bd3-65de-43be-afe2-ff3809adb294,normal,,2026-01-09T12:41:50.228406Z,"{""behavior_phase"":""stable""}"
9d051e85-6986-462d-98e7-3dd0313f70eb,normal,,2026-01-09T12:52:45.480143Z,"{""behavior_phase"":""stable""}"
7856eaaa-c518-467c-bb28-74e8b361aced,normal,,2026-01-09T12:58:00.276249Z,"{""behavior_phase"":""stable""}"
3382054f-11ab-4fd4-88a8-9e40b2978f34,normal,,2026-01-09T12:58:58.540094Z,"{""behavior_phase"":""stable""}"
81bfbfd0-2624-481f-90de-369bb078ca98,normal,,2026-01-09T13:10:05.725712Z,"{""behavior_phase"":""stable""}"
b6d8ace3-958b-4bc9-99cf-a342bf24f71c,normal,,2026-01-09T13:21:22.672202Z,"{""behavior_phase"":""stable""}"
3ff65871-00d6-4725-9770-bd091db1edc6,normal,,2026-01-09T13:22:11.213045Z,"{""behavior_phase"":""stable""}"
a90da02d-3565-4dc5-b772-d22b374041e1,normal,,2026-01-09T13:37:03.448439Z,"{""behavior_phase"":""concept_drift""}"
684a8343-0fb5-46e0-bc6c-853de127415f,normal,,2026-01-09T13:43:06.878357Z,"{""behavior_phase"":""stable""}"
bb95f5dc-a31d-428e-b7b2-9b1cabbf23ac,normal,,2026-01-09T13:46:07.595297Z,"{""behavior_phase"":""concept_drift""}"
3a9c8abd-d1e9-49ca-86f9-15f9dea6b59b,normal,,2026-01-09T13:52:18.490903Z,"{""behavior_phase"":""stable""}"
e29d7da7-4369-494b-9d47-6562cd33c3d2,normal,,2026-01-09T13:57:20.268877Z,"{""behavior_phase"":""stable""}"
e1a1d077-c3c4-4f57-b637-38ee7f12ec7e,normal,,2026-01-09T13:59:22.099514Z,"{""behavior_phase"":""stable""}"
eb658507-4d29-4176-94ad-50846203d649,normal,,2026-01-09T14:10:39.066796Z,"{""behavior_phase"":""stable""}"
faaa23db-05bd-4e3b-95a4-580fe88941e0,normal,,2026-01-09T14:15:59.384756Z,"{""behavior_phase"":""concept_drift""}"
a0254fbd-a5b9-41cb-8634-a7b8079c30f8,normal,,2026-01-09T14:16:09.563670Z,"{""behavior_phase"":""stable""}"
346cd53d-b13d-4220-ba2a-6cf24216d1ec,normal,,2026-01-09T14:20:15.537392Z,"{""behavior_phase"":""stable""}"
919fb8cf-5be8-4782-8fb9-821f2517a015,normal,,2026-01-09T14:25:25.343194Z,"{""behavior_phase"":""stable""}"
99698412-ba88-4e74-afb6-bac56bde52f5,normal,,2026-01-09T14:32:13.696426Z,"{""behavior_phase"":""stable""}"
3555d464-6648-4fd1-a711-6f140c7a7546,normal,,2026-01-09T14:32:49.425413Z,"{""behavior_phase"":""stable""}"
7c8a7d9e-e617-43ff-82db-a664b9911cd8,normal,,2026-01-09T14:34:17.219097Z,"{""behavior_phase"":""stable""}"
67cbcf55-f12f-4926-983a-664f22b34e0b,normal,,2026-01-09T14:40:14.141295Z,"{""behavior_phase"":""stable""}"
23afe771-529a-4205-962c-d2b6d38a1c91,normal,,2026-01-09T14:40:36.520829Z,"{""behavior_phase"":""stable""}"
6ad60d05-0161-415f-8bc9-058612d093dc,normal,,2026-01-09T14:48:49.950521Z,"{""behavior_phase"":""stable""}"
16f18f85-c445-40e6-8b53-91d9ea62fa73,normal,,2026-01-09T14:50:55.756646Z,"{""behavior_phase"":""stable""}"
cda4b2ba-79a1-4e96-96de-5248e6ac055e,normal,,2026-01-09T14:53:26.808992Z,"{""behavior_phase"":""stable""}"
7fc0a5b1-1052-4607-b6b5-2e4b58755110,normal,,2026-01-09T14:56:18.390156Z,"{""behavior_phase"":""concept_drift""}"
763d2eb5-16b2-42a5-8fc7-0abb903cd0e6,normal,,2026-01-09T14:58:15.991428Z,"{""behavior_phase"":""stable""}"
2647a3df-6258-4585-b583-5978c314f735,normal,,2026-01-09T15:03:55.068956Z,"{""behavior_phase"":""stable""}"
6c0f3e4d-2060-4521-b1ca-049e4136617a,normal,,2026-01-09T15:06:08.853196Z,"{""behavior_phase"":""concept_drift""}"
c485e8ab-9ea9-4695-aecb-7d8923f2ec1b,normal,,2026-01-09T15:11:52.387193Z,"{""behavior_phase"":""stable""}"
1994608d-4d18-4a81-b8b9-a1ce840c8702,normal,,2026-01-09T15:12:16.750426Z,"{""behavior_phase"":""stable""}"
17f41b4f-4c09-4403-8217-aad78d03b01d,normal,,2026-01-09T15:13:46.795314Z,"{""behavior_phase"":""stable""}"
aacd877e-c44e-4131-9438-326438cc424b,normal,,2026-01-09T15:22:44.748717Z,"{""behavior_phase"":""stable""}"
6a74c87d-dfc5-4824-b5b8-102843ac048b,normal,,2026-01-09T15:37:05.928761Z,"{""behavior_phase"":""stable""}"
af9fea08-9857-4f1f-b90d-22aef4e96617,normal,,2026-01-09T15:38:09.504141Z,"{""behavior_phase"":""stable""}"
3c546e65-71f2-4880-a6f6-31bb3a10b7e1,normal,,2026-01-09T15:48:26.291489Z,"{""behavior_phase"":""stable""}"
7b2e2fb0-34cf-4c3b-8906-31d7e834c549,normal,,2026-01-09T15:51:08.970673Z,"{""behavior_phase"":""stable""}"
e303bd25-a46a-4f7b-8386-6fe5dc59d1e7,normal,,2026-01-09T15:53:24.366787Z,"{""behavior_phase"":""stable""}"
ce0d9d37-abc5-44b7-a819-0b1be1c02be0,normal,,2026-01-09T15:59:00.565196Z,"{""behavior_phase"":""stable""}"
c4e9df15-fa57-4d70-aa17-6d8e8e70c7d2,normal,,2026-01-09T16:00:19.083528Z,"{""behavior_phase"":""stable""}"
ef2949f4-771b-4ce9-9a72-08eea602bf63,normal,,2026-01-09T16:00:25.810779Z,"{""behavior_phase"":""stable""}"
e4fc3349-2a03-449b-9a98-4223abc431c9,normal,,2026-01-09T16:07:32.578497Z,"{""behavior_phase"":""stable""}"
82a11c78-60c6-4d49-9f68-7327d9c3ef3e,normal,,2026-01-09T16:27:07.125232Z,"{""behavior_phase"":""stable""}"
c33daf12-1164-4599-9643-653cab344b37,normal,,2026-01-09T16:35:44.164011Z,"{""behavior_phase"":""stable""}"
2d2fb714-98e8-4eb8-8520-ff5acb400abb,normal,,2026-01-09T16:35:48.793850Z,"{""behavior_phase"":""stable""}"
f94112e8-b048-42b2-b14a-37ea2197b2db,normal,,2026-01-09T16:39:22.847885Z,"{""behavior_phase"":""concept_drift""}"
c6a17577-9ab5-4079-9196-217149cf27be,normal,,2026-01-09T16:57:19.102922Z,"{""behavior_phase"":""concept_drift""}"
da89f444-8912-4d65-adee-fc16007f1b1c,normal,,2026-01-09T16:59:53.702996Z,"{""behavior_phase"":""stable""}"
49e3b40f-3e9c-4203-9289-9d95ffe7af6c,normal,,2026-01-09T17:03:19.559201Z,"{""behavior_phase"":""concept_drift""}"
0c2d9a08-2b81-4326-bde7-c430eff0fe46,normal,,2026-01-09T17:10:25.244034Z,"{""behavior_phase"":""stable""}"
b9234394-66b0-4185-81e2-c32e21906690,normal,,2026-01-09T17:12:27.476074Z,"{""behavior_phase"":""concept_drift""}"
9c84ccbe-524f-45fe-9ec3-8947fa4ff09c,normal,,2026-01-09T17:14:46.726988Z,"{""behavior_phase"":""stable""}"
731d980d-8f85-4114-835e-8990ee94427a,normal,,2026-01-09T17:21:14.565606Z,"{""behavior_phase"":""stable""}"
1cfb577d-e76c-4f1d-bb2c-b4f439c5df20,normal,,2026-01-09T17:31:14.967038Z,"{""behavior_phase"":""stable""}"
adf1df43-762a-4fcc-952b-871fc046af5f,normal,,2026-01-09T17:31:25.830212Z,"{""behavior_phase"":""stable""}"
e1c0b6d9-f774-46e7-b3d2-70b2bf58ab64,normal,,2026-01-09T17:40:05.880708Z,"{""behavior_phase"":""concept_drift""}"
0a016604-5dc9-4a35-88e4-0b0e5dad3faa,normal,,2026-01-09T17:40:24.742041Z,"{""behavior_phase"":""stable""}"
34cd7d20-1e05-4f51-8eb1-3727432d5cf9,normal,,2026-01-09T17:41:44.870958Z,"{""behavior_phase"":""stable""}"
0f3b7d00-88ea-46e9-a736-75d1a21d97ef,normal,,2026-01-09T17:50:09.734349Z,"{""behavior_phase"":""stable""}"
9f88a0e7-8631-47af-8873-8fbd37d81c63,normal,,2026-01-09T17:54:31.525654Z,"{""behavior_phase"":""stable""}"
cff4b274-2887-42a2-ab11-96f70245ae49,normal,,2026-01-09T17:54:48.857851Z,"{""behavior_phase"":""stable""}"
ff4dad14-184f-4b15-87c1-0ea8eb903653,normal,,2026-01-09T17:56:02.118701Z,"{""behavior_phase"":""stable""}"
fb3ef8b0-3182-4807-bd0a-636323667e66,normal,,2026-01-09T17:57:09.483617Z,"{""behavior_phase"":""stable""}"
2a40f586-ea2d-412c-98ac-20b100ac1f0c,normal,,2026-01-09T18:02:56.808595Z,"{""behavior_phase"":""stable""}"
8e4e683c-5f33-4064-82a3-28471cf1cbaa,normal,,2026-01-09T18:06:18.434039Z,"{""behavior_phase"":""stable""}"
5822a26c-f9d9-4cdb-aaec-8ca9a85a48d6,normal,,2026-01-09T18:11:24.310838Z,"{""behavior_phase"":""stable""}"
886e0ae7-7e6b-4157-8959-dd7e4c3b813b,normal,,2026-01-09T18:17:46.072449Z,"{""behavior_phase"":""stable""}"
bfab9052-da42-43d7-bada-1e25c94317d6,normal,,2026-01-09T18:17:49.431569Z,"{""behavior_phase"":""stable""}"
89872f5c-1e10-4986-af82-1c82cae5f735,normal,,2026-01-09T18:20:01.850734Z,"{""behavior_phase"":""stable""}"
6ce7852e-6e82-4a0a-adff-6e48a035e706,normal,,2026-01-09T18:32:56.887476Z,"{""behavior_phase"":""stable""}"
691aca8d-b176-426d-9d3a-64f943cf25df,normal,,2026-01-09T18:41:42.281822Z,"{""behavior_phase"":""stable""}"
2ac8376e-e30b-4a03-96b5-a07c3a6a13f5,normal,,2026-01-09T18:45:29.305133Z,"{""behavior_phase"":""stable""}"
56c2c9b2-6d10-418a-8459-ec002800958f,normal,,2026-01-09T18:52:14.171215Z,"{""behavior_phase"":""stable""}"
9640d207-56e8-4eac-a9c1-d70357309724,normal,,2026-01-09T18:53:24.519096Z,"{""behavior_phase"":""stable""}"
83ee76eb-591a-4d9d-9cac-e2b00aad7299,normal,,2026-01-09T18:55:33.489680Z,"{""behavior_phase"":""stable""}"
2bb5634e-5d75-4668-8b91-3dbb45431158,normal,,2026-01-09T19:00:36.545396Z,"{""behavior_phase"":""stable""}"
f042a814-8c8a-4bd6-a3f3-0e5be1b5ce12,normal,,2026-01-09T19:10:09.957622Z,"{""behavior_phase"":""stable""}"
d2c1fc8f-8369-4dd1-935d-5ff2960f575a,normal,,2026-01-09T19:14:35.976092Z,"{""behavior_phase"":""stable""}"
6da3c29a-6cea-4cb5-b8fd-827986c8801f,normal,,2026-01-09T19:22:51.694971Z,"{""behavior_phase"":""stable""}"
ed3e1270-3b39-4b2f-b486-1f26e0c6eb35,normal,,2026-01-09T19:24:24.894664Z,"{""behavior_phase"":""stable""}"
fccb91a3-a23b-4ece-a456-76217749c6c1,normal,,2026-01-09T19:29:49.337605Z,"{""behavior_phase"":""stable""}"
d2e766c6-0de3-4630-8cfd-013aacd7b7c2,normal,,2026-01-09T19:31:01.603992Z,"{""behavior_phase"":""stable""}"
054517dd-a463-4100-bfc2-f22c3b17395a,normal,,2026-01-09T19:34:22.192325Z,"{""behavior_phase"":""stable""}"
106d5240-b68a-4355-8aae-58337e164fdf,normal,,2026-01-09T19:35:27.512138Z,"{""behavior_phase"":""stable""}"
8294f9da-02d5-44f8-9ac2-e939fd732a5a,normal,,2026-01-09T19:36:50.856535Z,"{""behavior_phase"":""concept_drift""}"
58ca0182-479d-4484-a9d9-e3a49b8f63bb,normal,,2026-01-09T19:40:10.948034Z,"{""behavior_phase"":""stable""}"
f7df3adc-8ae7-43de-97b3-48ad4b90a1e3,normal,,2026-01-09T19:41:19.815862Z,"{""behavior_phase"":""stable""}"
2fd6a47c-9334-460c-9304-8ae274779e14,normal,,2026-01-09T19:42:39.612407Z,"{""behavior_phase"":""concept_drift""}"
cbe00517-53eb-46af-9c0f-4b6b557d8f29,normal,,2026-01-09T19:45:09.941284Z,"{""behavior_phase"":""stable""}"
52762311-874d-4aca-8ac2-a591295849f2,normal,,2026-01-09T19:45:12.979187Z,"{""behavior_phase"":""stable""}"
4b37ab2f-33db-4532-a5ad-e6d8d9ca34f5,normal,,2026-01-09T20:02:41.739103Z,"{""behavior_phase"":""stable""}"
379f22b7-cfe8-410f-8ea5-3caa6b1059b1,normal,,2026-01-09T20:10:29.191913Z,"{""behavior_phase"":""stable""}"
dbb2c18b-90fb-4736-9ce9-7d255415b7d9,normal,,2026-01-09T20:12:26.807763Z,"{""behavior_phase"":""stable""}"
dbe1eb7c-3219-40d6-b94b-8a204171db6f,normal,,2026-01-09T20:13:43.627781Z,"{""behavior_phase"":""stable""}"
ddcd9254-8a60-42c3-99ee-7c8b563b80ad,normal,,2026-01-09T20:16:36.903990Z,"{""behavior_phase"":""stable""}"
9a94285f-ae39-4ce8-a1dc-b2a2b10b9ae8,normal,,2026-01-09T20:17:13.152543Z,"{""behavior_phase"":""stable""}"
6bad3cb3-ea9d-45d3-b9f5-8748464b7971,normal,,2026-01-09T20:22:50.113325Z,"{""behavior_phase"":""stable""}"
d23267af-27d1-448c-99d6-b09bbba24a6f,normal,,2026-01-09T20:35:49.973116Z,"{""behavior_phase"":""stable""}"
7b6e6244-6525-4188-9d61-a29da3100b07,normal,,2026-01-09T20:38:07.071680Z,"{""behavior_phase"":""stable""}"
4eafc177-6ca5-40ad-b0e0-ff6a6a7cc1b4,normal,,2026-01-09T20:39:05.285381Z,"{""behavior_phase"":""stable""}"
6bc93ff7-5542-4393-a686-d33f46be3d25,normal,,2026-01-09T20:44:06.182936Z,"{""behavior_phase"":""stable""}"
1080a3fb-6bc3-4147-995e-b6d58c2af744,normal,,2026-01-09T20:46:53.494176Z,"{""behavior_phase"":""stable""}"
16df6b5a-5421-47e7-94fe-9c34db71ec4e,normal,,2026-01-09T20:52:28.629640Z,"{""behavior_phase"":""stable""}"
169be9a8-5013-4538-b5aa-dc168ff534d7,normal,,2026-01-09T20:58:20.107927Z,"{""behavior_phase"":""stable""}"
ad087715-308f-436d-a96b-d028cb79adef,normal,,2026-01-09T21:12:55.305348Z,"{""behavior_phase"":""stable""}"
3162327c-c407-4484-9e56-2acd3149194a,normal,,2026-01-09T21:18:12.555849Z,"{""behavior_phase"":""concept_drift""}"
7bbbd17f-35cb-49ec-aed1-ec64424a60b3,normal,,2026-01-09T21:24:42.511856Z,"{""behavior_phase"":""stable""}"
4a840cf9-1b92-4ee7-b2fc-512a19f57d10,normal,,2026-01-09T21:28:52.194127Z,"{""behavior_phase"":""stable""}"
4b048a89-07ce-4d9c-aeaf-192e224ddc43,normal,,2026-01-09T21:31:13.839139Z,"{""behavior_phase"":""stable""}"
81858c50-acea-4b1e-82ea-26f1a6382a9b,normal,,2026-01-09T21:33:51.283440Z,"{""behavior_phase"":""stable""}"
4a1db0ff-7450-493a-b666-8ec4e223092d,normal,,2026-01-09T21:37:20.904763Z,"{""behavior_phase"":""stable""}"
e20a3368-6b3a-45fe-b367-c7031cd07b0f,normal,,2026-01-09T21:41:30.399202Z,"{""behavior_phase"":""stable""}"
bc98659f-8e41-4c4d-8a17-cbe2e63cd2ad,normal,,2026-01-09T21:44:44.780857Z,"{""behavior_phase"":""stable""}"
5c694176-7286-4331-bb56-5df3e75128e4,normal,,2026-01-09T21:44:47.228557Z,"{""behavior_phase"":""stable""}"
115fc769-876c-49a7-8728-2227d94ec9c1,normal,,2026-01-09T21:45:05.787736Z,"{""behavior_phase"":""stable""}"
1d101be8-6b32-49c9-9d02-b491afffddcf,normal,,2026-01-09T21:47:05.921994Z,"{""behavior_phase"":""concept_drift""}"
e2f237be-d8fb-4925-bcf6-dbadc0256f03,normal,,2026-01-09T21:52:39.598306Z,"{""behavior_phase"":""stable""}"
5d306c75-90ef-4067-a045-acca411f1dd8,normal,,2026-01-09T21:58:28.619306Z,"{""behavior_phase"":""stable""}"
cf3dcb3a-b154-4bc7-99f9-dee9778c82bc,normal,,2026-01-09T22:15:54.077838Z,"{""behavior_phase"":""stable""}"
413fdbb6-046c-4f83-8a32-0d87165f6110,normal,,2026-01-09T22:17:24.144432Z,"{""behavior_phase"":""stable""}"
91d05d97-815e-4227-8c01-be6cb488f1cb,normal,,2026-01-09T22:22:56.902087Z,"{""behavior_phase"":""stable""}"
d312973e-b4b8-4c0c-a1af-bedd6de97175,normal,,2026-01-09T22:31:36.820130Z,"{""behavior_phase"":""stable""}"
64bd06b8-2485-4919-9af0-9d8f3986c491,normal,,2026-01-09T22:41:30.799403Z,"{""behavior_phase"":""stable""}"
1042cd25-605a-4aaa-8a5e-51096e63abf9,normal,,2026-01-09T22:44:17.256204Z,"{""behavior_phase"":""concept_drift""}"
1a5a4ac5-3262-4412-ad28-a3cf2af582a4,normal,,2026-01-09T22:44:18.758282Z,"{""behavior_phase"":""stable""}"
0bac1828-2c81-473c-81ee-fbd19364ce4f,normal,,2026-01-09T23:13:04.709359Z,"{""behavior_phase"":""stable""}"
3e472d51-b5ad-439e-aaa9-d9757ca0df75,normal,,2026-01-09T23:20:27.529155Z,"{""behavior_phase"":""stable""}"
23bc414e-c3e7-466e-a444-b7d5fbc17d57,normal,,2026-01-09T23:28:14.080186Z,"{""behavior_phase"":""concept_drift""}"
0026c04b-f9a0-49cb-bf5c-3c4fa2d52927,normal,,2026-01-09T23:31:07.335773Z,"{""behavior_phase"":""concept_drift""}"
1e176604-4f2d-4869-b84f-bdd5d4442951,normal,,2026-01-09T23:41:34.455768Z,"{""behavior_phase"":""stable""}"
c4d480d6-e6db-4dfe-8543-a6667dc55de0,normal,,2026-01-09T23:52:28.167807Z,"{""behavior_phase"":""stable""}"
8f20d96a-36c9-444f-bc5d-5208cb7e381c,normal,,2026-01-09T23:52:39.503396Z,"{""behavior_phase"":""stable""}"
f4ab29ac-00aa-48f9-a51a-ddc47e09f2e9,normal,,2026-01-09T23:55:33.309619Z,"{""behavior_phase"":""stable""}"
3a033bbb-0582-450e-95fc-3b8c221d03c1,normal,,2026-01-10T00:04:20.129523Z,"{""behavior_phase"":""stable""}"
903d9b4e-28a7-4228-960e-f016e3e2fec0,normal,,2026-01-10T00:06:07.245522Z,"{""behavior_phase"":""stable""}"
432a9882-9498-46e0-94fa-76a4b65390a4,normal,,2026-01-10T00:08:35.985227Z,"{""behavior_phase"":""stable""}"
767d57d0-2728-4245-ba48-778375068bad,normal,,2026-01-10T00:11:13.474855Z,"{""behavior_phase"":""stable""}"
ecc587b2-d210-47b5-995e-79c59a5208a3,normal,,2026-01-10T00:11:28.291946Z,"{""behavior_phase"":""stable""}"
1991e3aa-d59c-4ad0-97ef-f2d7aba9eab7,normal,,2026-01-10T00:24:17.498491Z,"{""behavior_phase"":""stable""}"
788eaa4a-c873-487e-9dac-d668335f7896,normal,,2026-01-10T00:28:19.991225Z,"{""behavior_phase"":""stable""}"
9d7c7eb1-689b-4305-885e-add177cf9eb7,normal,,2026-01-10T00:33:08.173306Z,"{""behavior_phase"":""stable""}"
4bbf7c9e-7bcf-44ef-9fee-e5fd87c1e89e,normal,,2026-01-10T00:41:02.855408Z,"{""behavior_phase"":""stable""}"
041d7731-d942-478c-b030-a7baa3daea2b,normal,,2026-01-10T00:43:48.278830Z,"{""behavior_phase"":""stable""}"
a7d9e1de-5583-48f5-ae15-cad81cd6b792,normal,,2026-01-10T00:46:07.040701Z,"{""behavior_phase"":""stable""}"
f02203b1-e2cd-41b7-8d07-23734e6684c6,normal,,2026-01-10T00:50:45.072457Z,"{""behavior_phase"":""concept_drift""}"
f5dcd8ae-3c56-4e62-b3aa-520fb171a717,normal,,2026-01-10T00:53:21.069137Z,"{""behavior_phase"":""concept_drift""}"
a23a52e6-4c0b-428b-b320-a8d68ac261d3,normal,,2026-01-10T00:56:36.263970Z,"{""behavior_phase"":""stable""}"
42d1348b-5fd2-42b5-b33f-7a9d68771c85,normal,,2026-01-10T00:56:57.327697Z,"{""behavior_phase"":""stable""}"
2a9d4b6e-9c27-4ca2-af52-1570f100b075,normal,,2026-01-10T00:58:17.903364Z,"{""behavior_phase"":""stable""}"
ddc0e5ec-1bb8-4038-a719-dc4b3970384c,normal,,2026-01-10T00:59:13.854563Z,"{""behavior_phase"":""stable""}"
c2c4f7c1-9a58-4ba5-85ea-ee64af2c2294,normal,,2026-01-10T01:03:19.029113Z,"{""behavior_phase"":""stable""}"
e3626760-0817-4755-b586-5b4908f71ca8,normal,,2026-01-10T01:04:07.043498Z,"{""behavior_phase"":""concept_drift""}"
e31bee9d-764f-4090-893f-c6ae70ee1b19,normal,,2026-01-10T01:06:37.836439Z,"{""behavior_phase"":""stable""}"
0bac8de7-489c-44e8-b6a1-805df5793c13,normal,,2026-01-10T01:12:52.756462Z,"{""behavior_phase"":""stable""}"
d26cfca4-0fa8-447d-9fd1-578d02cf4209,normal,,2026-01-10T01:13:37.071891Z,"{""behavior_phase"":""stable""}"
e8585825-5eb4-40dc-9989-92214af7877b,normal,,2026-01-10T01:29:19.851523Z,"{""behavior_phase"":""stable""}"
b0cf82fa-c07b-4d5e-9b5d-e7f7c42ad453,normal,,2026-01-10T01:33:18.401393Z,"{""behavior_phase"":""stable""}"
cc1b661b-25e6-493c-9c6f-0c6e0c5a5daf,normal,,2026-01-10T01:43:09.843814Z,"{""behavior_phase"":""concept_drift""}"
2fe44cb0-343a-4b82-8a91-3fa9fb4f3f40,normal,,2026-01-10T01:47:03.926553Z,"{""behavior_phase"":""concept_drift""}"
0efb5a6e-19a4-4950-8152-f8cf8a99b436,normal,,2026-01-10T01:48:15.621871Z,"{""behavior_phase"":""stable""}"
5d902ac8-4f96-428c-9232-429fd7683548,normal,,2026-01-10T02:03:10.290342Z,"{""behavior_phase"":""stable""}"
79f68c3a-6ed5-417f-bd96-5e366cfa7da1,normal,,2026-01-10T02:15:05.754482Z,"{""behavior_phase"":""concept_drift""}"
ecee337d-0a2b-4b36-82fd-e3c9fc98f197,normal,,2026-01-10T02:34:52.871760Z,"{""behavior_phase"":""stable""}"
984594d9-e22e-4e2a-bda0-d50ce5bf953a,normal,,2026-01-10T02:39:17.178347Z,"{""behavior_phase"":""stable""}"
af4ad82e-56d4-4ecf-a470-aa4fd3a1b952,normal,,2026-01-10T02:55:24.877694Z,"{""behavior_phase"":""concept_drift""}"
3f079968-6af7-43e5-afde-06438ef1d4cc,normal,,2026-01-10T02:56:55.193727Z,"{""behavior_phase"":""stable""}"
a94e0f55-2bcb-4704-9096-f8bdfc34f6d2,normal,,2026-01-10T02:59:33.733645Z,"{""behavior_phase"":""stable""}"
9250a2e5-73b5-4ba0-8256-434fdc119bec,normal,,2026-01-10T03:07:20.741904Z,"{""behavior_phase"":""concept_drift""}"
39ab66d1-4f84-48e9-85fe-d2f3e0c3eb18,normal,,2026-01-10T03:07:34.910225Z,"{""behavior_phase"":""stable""}"
c7b3296c-3178-4dd8-84bf-7ba317a93573,normal,,2026-01-10T03:20:08.751532Z,"{""behavior_phase"":""stable""}"
931804a3-e81c-42e9-a5a6-ccaede99efa7,normal,,2026-01-10T03:23:09.388739Z,"{""behavior_phase"":""stable""}"
e4ddee43-5d13-4d8c-8652-30c4084c25f4,normal,,2026-01-10T03:23:26.452316Z,"{""behavior_phase"":""stable""}"
9e6f500b-d142-4a68-8fa3-615f2e708ee7,normal,,2026-01-10T03:25:52.249227Z,"{""behavior_phase"":""concept_drift""}"
a91a59b5-57d6-46e2-832f-b48127c57e26,normal,,2026-01-10T03:28:47.985351Z,"{""behavior_phase"":""stable""}"
ec207a25-c3d0-432e-b751-0ccb3feac383,normal,,2026-01-10T03:37:46.563285Z,"{""behavior_phase"":""stable""}"
9672c4d3-e0d1-4672-b567-d9c629348539,normal,,2026-01-10T03:50:58.820439Z,"{""behavior_phase"":""stable""}"
9963c446-0bf2-4d7c-8c40-12754f4e6353,normal,,2026-01-10T03:56:49.617827Z,"{""behavior_phase"":""stable""}"
06667d66-e448-4a18-b499-79ccec4fa672,normal,,2026-01-10T04:01:18.001469Z,"{""behavior_phase"":""stable""}"
6ba96fa6-2d14-497d-b771-84ba18011957,normal,,2026-01-10T04:07:09.114504Z,"{""behavior_phase"":""stable""}"
de08b986-eb1e-46b3-b489-2312d43db0da,normal,,2026-01-10T04:08:22.868007Z,"{""behavior_phase"":""stable""}"
25d2f9ff-0ba8-40d2-8a47-8191558f36c0,normal,,2026-01-10T04:08:23.435238Z,"{""behavior_phase"":""stable""}"
3ede6979-68e3-4776-91fa-29414e86e15e,normal,,2026-01-10T04:11:43.692654Z,"{""behavior_phase"":""stable""}"
0056d522-650c-4f01-a549-d35c781f5d74,normal,,2026-01-10T04:14:40.649191Z,"{""behavior_phase"":""stable""}"
62402a6b-ae0f-4b2b-adca-18c8d7903478,normal,,2026-01-10T04:21:04.921315Z,"{""behavior_phase"":""stable""}"
25396047-8ecb-4320-8efd-30e317444dc6,normal,,2026-01-10T04:35:25.269028Z,"{""behavior_phase"":""stable""}"
2e179226-8768-472c-8a57-c9eccc8fa1fb,normal,,2026-01-10T04:45:02.647948Z,"{""behavior_phase"":""stable""}"
14ca0850-ec1c-4e57-bb4a-a27a7c8da3be,normal,,2026-01-10T04:46:31.583495Z,"{""behavior_phase"":""stable""}"
7379be7a-5ee2-4cea-a883-c0ce31d0a93b,normal,,2026-01-10T04:54:06.190991Z,"{""behavior_phase"":""stable""}"
ef5e8c2a-2387-4e37-9ef7-84229ffb4b13,normal,,2026-01-10T05:02:23.028174Z,"{""behavior_phase"":""stable""}"
5611672a-0dec-4ff6-85c0-f8a51d3d9e0e,normal,,2026-01-10T05:05:45.964714Z,"{""behavior_phase"":""stable""}"
a3b642e1-4464-43e3-ac4f-36fd876775e6,normal,,2026-01-10T05:08:39.410549Z,"{""behavior_phase"":""stable""}"
28bf354a-42ac-41d7-921c-a2e3f8c2482f,normal,,2026-01-10T05:09:48.013121Z,"{""behavior_phase"":""stable""}"
17a7a9e2-a191-429d-833f-7dba04d9979d,normal,,2026-01-10T05:18:27.478332Z,"{""behavior_phase"":""stable""}"
3e95914d-b356-4d82-89d1-e2ecbd72a15f,normal,,2026-01-10T05:19:51.395787Z,"{""behavior_phase"":""stable""}"
66c9e91c-df45-4ee1-a6c1-a09fb208c5d2,normal,,2026-01-10T05:24:21.310095Z,"{""behavior_phase"":""stable""}"
8db4ff96-8eeb-48b2-ba09-74ceb3c88293,normal,,2026-01-10T05:24:50.266610Z,"{""behavior_phase"":""stable""}"
bd6933f3-07d1-49fc-8228-f111a463b0f0,normal,,2026-01-10T05:29:57.543216Z,"{""behavior_phase"":""stable""}"
60cb1fdb-c63d-47cd-9579-c5a2c7de407a,normal,,2026-01-10T06:00:30.273960Z,"{""behavior_phase"":""stable""}"
0f693ef3-e70a-4686-9d0f-0d0635afa1d9,normal,,2026-01-10T06:07:27.621818Z,"{""behavior_phase"":""stable""}"
6815e4a6-ff7d-4877-befa-7933264697d1,normal,,2026-01-10T06:11:23.388285Z,"{""behavior_phase"":""concept_drift""}"
ad2b4108-61e1-4dfc-994b-59301f497589,normal,,2026-01-10T06:12:23.128711Z,"{""behavior_phase"":""stable""}"
bd4b2063-130a-42bc-a320-0db68773745b,normal,,2026-01-10T06:14:42.355841Z,"{""behavior_phase"":""stable""}"
6b1d0359-6073-48b8-bfbf-6e24302b071a,normal,,2026-01-10T06:24:36.059629Z,"{""behavior_phase"":""stable""}"
56a3803b-a78d-4a3e-a292-4a1269f5bd31,normal,,2026-01-10T06:28:06.299645Z,"{""behavior_phase"":""stable""}"
24799db9-289e-43ec-94c7-eef86f6d8c4c,normal,,2026-01-10T06:28:32.449951Z,"{""behavior_phase"":""stable""}"
6af19b7c-9e5c-44ac-85f5-296efaab3608,normal,,2026-01-10T06:28:33.594757Z,"{""behavior_phase"":""concept_drift""}"
2f8a7796-7ce7-4b14-ace7-367b91568b36,normal,,2026-01-10T06:33:32.837440Z,"{""behavior_phase"":""stable""}"
98b0c276-3048-42ca-b905-5f6726a47443,normal,,2026-01-10T06:41:55.439714Z,"{""behavior_phase"":""stable""}"
b7ca3f3c-c6ae-4bee-a926-d8fc25fed841,normal,,2026-01-10T06:49:37.681739Z,"{""behavior_phase"":""stable""}"
4d8ff7e7-2203-49f5-8a35-f6ef817eed27,normal,,2026-01-10T06:51:21.922271Z,"{""behavior_phase"":""stable""}"
6974bc94-df14-4158-9a76-3164c3c11a2a,normal,,2026-01-10T07:01:44.331633Z,"{""behavior_phase"":""stable""}"
19c83686-5aa4-421c-89aa-b21066c21223,normal,,2026-01-10T07:02:04.194395Z,"{""behavior_phase"":""stable""}"
c9cece30-e497-4fe4-a236-9897e8ba4d3a,normal,,2026-01-10T07:05:14.134173Z,"{""behavior_phase"":""stable""}"
207b9178-7b01-4a28-be0e-a6c970366148,normal,,2026-01-10T07:08:13.461054Z,"{""behavior_phase"":""stable""}"
c9e85fd0-85c5-4264-80d5-b1e40ef07fe6,normal,,2026-01-10T07:12:40.154628Z,"{""behavior_phase"":""stable""}"
a9cc7a87-d24f-47bc-91cc-fbe012e4872e,normal,,2026-01-10T07:15:20.382818Z,"{""behavior_phase"":""stable""}"
8b1ec77f-e348-48c5-8c3a-162ea8320240,normal,,2026-01-10T07:28:45.123769Z,"{""behavior_phase"":""stable""}"
e87e4504-bcb0-4bf6-bb88-04f17decd732,normal,,2026-01-10T07:36:46.277727Z,"{""behavior_phase"":""stable""}"
30e8a2fc-0b9d-4e55-8bf2-6e807a2e5d1a,normal,,2026-01-10T07:42:08.825292Z,"{""behavior_phase"":""stable""}"
260143bf-8eb8-4320-bdc0-2cc4f065fd3b,normal,,2026-01-10T07:42:57.999880Z,"{""behavior_phase"":""stable""}"
013c7048-149a-4e6f-b0db-66b5077ad000,normal,,2026-01-10T07:49:06.818984Z,"{""behavior_phase"":""stable""}"
26cfa0c2-ed51-48d5-845b-3b3aacfaa663,normal,,2026-01-10T07:56:15.795461Z,"{""behavior_phase"":""stable""}"
b20837c6-35c8-4d7a-9e3e-9df7ecfee8e3,normal,,2026-01-10T08:09:07.766241Z,"{""behavior_phase"":""concept_drift""}"
5537b540-82a2-45fd-a49e-9e4366f3dcff,normal,,2026-01-10T08:16:55.551279Z,"{""behavior_phase"":""stable""}"
596aedde-be7e-46fd-95b7-e8a8f8ce7e33,normal,,2026-01-10T08:17:42.593894Z,"{""behavior_phase"":""stable""}"
85df41e4-047b-41d3-bdb1-f9fb5473b287,normal,,2026-01-10T08:20:15.945709Z,"{""behavior_phase"":""stable""}"
414bb0c0-9314-444c-a4fc-7117413acc01,normal,,2026-01-10T08:21:50.704908Z,"{""behavior_phase"":""stable""}"
4eb69d96-9b49-4d42-b922-1d718ce90d93,normal,,2026-01-10T08:23:24.459417Z,"{""behavior_phase"":""stable""}"
6777c238-d82e-4808-ba77-789f2a2ea34c,normal,,2026-01-10T08:27:12.910756Z,"{""behavior_phase"":""stable""}"
738189ea-b800-4372-8d5c-212b59e562e6,normal,,2026-01-10T08:30:06.886744Z,"{""behavior_phase"":""stable""}"
d23bf8fc-e9c1-4726-add6-5f00cb384346,normal,,2026-01-10T08:30:14.933603Z,"{""behavior_phase"":""stable""}"
51d483c3-799e-44fc-87f9-1a33b186aa27,normal,,2026-01-10T08:35:42.335690Z,"{""behavior_phase"":""stable""}"
4bebad2c-3d0e-4adc-9e81-da4f12f7e158,normal,,2026-01-10T08:36:05.340248Z,"{""behavior_phase"":""stable""}"
4c962add-0f4a-48f0-a82e-d734bdba0bb5,normal,,2026-01-10T08:37:58.376391Z,"{""behavior_phase"":""stable""}"
bae5d136-60ae-4881-aad0-f9ee30c5cdc4,normal,,2026-01-10T08:55:53.680684Z,"{""behavior_phase"":""stable""}"
27f8762f-e315-4907-8b01-cd1d7eb40a83,normal,,2026-01-10T08:56:03.735205Z,"{""behavior_phase"":""stable""}"
68fb7acb-c555-4f3e-97e5-c0c876b2e467,normal,,2026-01-10T09:01:05.482877Z,"{""behavior_phase"":""stable""}"
62d7070e-f0aa-478c-95e5-ae74553c7041,normal,,2026-01-10T09:12:37.981773Z,"{""behavior_phase"":""stable""}"
4c3b8715-1ba2-4718-b172-e5d4e347e0e5,normal,,2026-01-10T09:13:01.745174Z,"{""behavior_phase"":""stable""}"
1d43e5de-c849-4ca1-9ca6-49c07edf017b,normal,,2026-01-10T09:18:10.357118Z,"{""behavior_phase"":""stable""}"
5c3a34c2-2020-4273-bec7-be891f34aab8,normal,,2026-01-10T09:19:20.276137Z,"{""behavior_phase"":""stable""}"
d765efb2-6658-4126-ab6b-a7d4fe55118a,normal,,2026-01-10T09:23:29.004785Z,"{""behavior_phase"":""stable""}"
330e730d-12eb-4fd9-a458-21e90c8f540d,normal,,2026-01-10T09:28:13.150160Z,"{""behavior_phase"":""stable""}"
1d0d1860-a564-45d0-a786-c799c17bc06a,normal,,2026-01-10T09:34:18.632526Z,"{""behavior_phase"":""stable""}"
2cd3ade0-b5b1-4b58-8386-44feddfb9af6,normal,,2026-01-10T09:35:47.680264Z,"{""behavior_phase"":""stable""}"
27b4ff69-3aad-466d-ab8a-7ec979a4c939,normal,,2026-01-10T09:36:39.190840Z,"{""behavior_phase"":""stable""}"
8405bd1b-3723-46f5-8543-f68fe3470058,normal,,2026-01-10T09:57:18.347281Z,"{""behavior_phase"":""stable""}"
9c9ac77b-fbcf-4ec0-b4e7-3d6bdebf4a20,normal,,2026-01-10T10:13:31.731999Z,"{""behavior_phase"":""stable""}"
3a807ac6-beb9-464a-9340-40436fba05ff,normal,,2026-01-10T10:22:14.506258Z,"{""behavior_phase"":""stable""}"
61db8889-b13c-4227-a5aa-263524a2b04b,normal,,2026-01-10T10:31:01.396216Z,"{""behavior_phase"":""stable""}"
cd0ec4b2-b944-4875-b782-cde621e463ef,normal,,2026-01-10T10:32:26.798796Z,"{""behavior_phase"":""stable""}"
e7283d74-a9c1-4721-a606-4da06a94b57f,normal,,2026-01-10T10:42:35.938644Z,"{""behavior_phase"":""stable""}"
72c40d28-58bb-4ff2-b2df-53e322beae21,normal,,2026-01-10T10:47:48.833820Z,"{""behavior_phase"":""concept_drift""}"
2f46c9c4-bec6-40ef-9a87-108ea93a12ef,normal,,2026-01-10T10:53:24.339201Z,"{""behavior_phase"":""concept_drift""}"
727ba4fa-040d-41a2-9280-5122794c4b51,normal,,2026-01-10T10:55:07.023501Z,"{""behavior_phase"":""stable""}"
ec420338-ebb7-4bd2-b2e4-be3d564f4702,normal,,2026-01-10T10:55:58.880008Z,"{""behavior_phase"":""stable""}"
8a25aac0-3350-4bda-9de9-55181267fb75,normal,,2026-01-10T11:05:01.450040Z,"{""behavior_phase"":""stable""}"
abc872ac-0f82-4126-b589-fd40a9b323f3,normal,,2026-01-10T11:16:48.632208Z,"{""behavior_phase"":""stable""}"
78b5ad48-a665-422e-bcc2-f81774d0bfb0,normal,,2026-01-10T11:24:35.263674Z,"{""behavior_phase"":""concept_drift""}"
b5c49368-d6c8-49ea-8dd1-6d6baf1af14f,normal,,2026-01-10T11:32:41.806538Z,"{""behavior_phase"":""stable""}"
e7763f9d-131e-43c5-818b-e2896baf8cd9,normal,,2026-01-10T11:33:24.707999Z,"{""behavior_phase"":""stable""}"
cbb9a231-888d-41a1-8de3-f6ce8f580b14,normal,,2026-01-10T11:33:45.700646Z,"{""behavior_phase"":""stable""}"
3e82397c-0135-4373-b385-d2a4f34bfaa0,normal,,2026-01-10T11:35:53.232057Z,"{""behavior_phase"":""concept_drift""}"
c5efcef7-a710-446d-b817-c366e6729704,normal,,2026-01-10T11:40:46.711913Z,"{""behavior_phase"":""stable""}"
3b0592ee-3866-4b25-bc00-305de0f9c016,normal,,2026-01-10T11:46:17.692441Z,"{""behavior_phase"":""stable""}"
55ac1b38-c672-4143-b776-d7b322e9616b,normal,,2026-01-10T11:49:35.601661Z,"{""behavior_phase"":""stable""}"
d138a326-59fd-4aad-bbe8-33a4be9d3572,normal,,2026-01-10T11:52:21.297901Z,"{""behavior_phase"":""stable""}"
b7a92f85-1df7-4be0-b029-835d177aabf1,normal,,2026-01-10T11:56:29.164797Z,"{""behavior_phase"":""stable""}"
8dbf9ad6-f3ca-4604-88e3-545b1590a32c,normal,,2026-01-10T12:22:49.286889Z,"{""behavior_phase"":""stable""}"
19556235-d750-476b-90a0-0d789c6a71a3,normal,,2026-01-10T12:23:45.516279Z,"{""behavior_phase"":""stable""}"
d885d7d6-cf64-45ed-90f1-ed398fa007c4,normal,,2026-01-10T12:28:14.862585Z,"{""behavior_phase"":""stable""}"
71c31cd7-c6be-412d-8c83-c32b4a02e97e,normal,,2026-01-10T12:30:41.029621Z,"{""behavior_phase"":""stable""}"
f1625951-443b-42a2-b07a-c17edeaaafac,normal,,2026-01-10T12:37:16.620605Z,"{""behavior_phase"":""concept_drift""}"
0cc987f7-2759-4947-a163-f80e4d810ad1,normal,,2026-01-10T12:41:11.730686Z,"{""behavior_phase"":""stable""}"
49642765-ba56-4842-a2ae-0beb4a6894bc,normal,,2026-01-10T12:46:59.685460Z,"{""behavior_phase"":""stable""}"
a7dd5fac-3483-4028-aa9e-5569c8b16f3e,normal,,2026-01-10T12:54:08.194418Z,"{""behavior_phase"":""stable""}"
1f75c36c-7973-4b63-bf90-c466f65439ea,normal,,2026-01-10T13:05:50.882281Z,"{""behavior_phase"":""stable""}"
90f5eac2-12a2-43ae-982e-23c28af88dc5,normal,,2026-01-10T13:22:26.281779Z,"{""behavior_phase"":""stable""}"
3ad534d3-fe29-4c72-847e-aee11308cd5c,normal,,2026-01-10T13:27:46.692377Z,"{""behavior_phase"":""stable""}"
3adaf098-cf42-418a-9786-0558fe172986,normal,,2026-01-10T13:29:07.616722Z,"{""behavior_phase"":""stable""}"
7bc89253-728f-46a1-b140-20387c687d4a,normal,,2026-01-10T13:30:59.766084Z,"{""behavior_phase"":""stable""}"
20527040-e874-4bf8-9758-316ea0d02c87,normal,,2026-01-10T13:32:12.894581Z,"{""behavior_phase"":""stable""}"
70d152cf-fe72-44b0-8d6b-6ab96f7be793,normal,,2026-01-10T13:32:57.712716Z,"{""behavior_phase"":""stable""}"
cf4990d1-2db3-448a-bab3-f28081466842,normal,,2026-01-10T13:34:07.534742Z,"{""behavior_phase"":""stable""}"
795c07fa-b7f2-44d1-ba39-0474322bcced,normal,,2026-01-10T13:35:44.360154Z,"{""behavior_phase"":""concept_drift""}"
002b2324-8852-4937-bb5a-4d1a31f9d3c0,normal,,2026-01-10T13:35:59.934113Z,"{""behavior_phase"":""stable""}"
44602511-6f43-4e01-9b13-9b559cb417eb,normal,,2026-01-10T13:47:23.202667Z,"{""behavior_phase"":""stable""}"
f3f20446-7357-412c-8bcd-9f8e3c89be28,normal,,2026-01-10T13:48:01.402697Z,"{""behavior_phase"":""stable""}"
2779b2c5-3346-41b7-99c8-0f29ba3737d2,normal,,2026-01-10T13:49:13.120949Z,"{""behavior_phase"":""stable""}"
2a56a9ca-2ad8-4562-ad49-0c6233e5c65b,normal,,2026-01-10T13:51:17.909900Z,"{""behavior_phase"":""stable""}"
a4f15ddd-faba-4cce-b09b-7f1917889ce9,normal,,2026-01-10T14:03:10.355670Z,"{""behavior_phase"":""stable""}"
c057607b-15b0-4ccf-9797-23ed30a8e02c,normal,,2026-01-10T14:03:39.966949Z,"{""behavior_phase"":""stable""}"
883e6701-ffef-4804-82ff-e72624349182,normal,,2026-01-10T14:09:20.864362Z,"{""behavior_phase"":""concept_drift""}"
6759f178-1a0e-492b-acb4-81224f01b72b,normal,,2026-01-10T14:10:14.000382Z,"{""behavior_phase"":""stable""}"
e57f5e97-ab48-4574-ac93-f9fbf2026999,normal,,2026-01-10T14:23:24.457552Z,"{""behavior_phase"":""stable""}"
1cff0baa-4720-40a8-883d-7f206fe3d047,normal,,2026-01-10T14:31:20.495877Z,"{""behavior_phase"":""stable""}"
d6be9e98-b1db-47ba-92b0-2d327b13c6c9,normal,,2026-01-10T14:33:01.423892Z,"{""behavior_phase"":""stable""}"
349845c0-e389-465f-aa32-dc062c4fd4df,normal,,2026-01-10T14:38:27.358354Z,"{""behavior_phase"":""stable""}"
5b01ed28-8a06-43a4-8cb4-a06900ec2725,normal,,2026-01-10T14:54:06.915282Z,"{""behavior_phase"":""stable""}"
cb49344d-fbc4-4c63-b238-2854d594f2b8,normal,,2026-01-10T14:54:18.212722Z,"{""behavior_phase"":""stable""}"
a00a64ab-562f-466c-9e74-bad4333d5118,normal,,2026-01-10T14:55:20.422278Z,"{""behavior_phase"":""stable""}"
19960e9c-841c-4f9b-9461-bc066df01c60,normal,,2026-01-10T15:02:23.807969Z,"{""behavior_phase"":""stable""}"
89f01cde-cc75-4e8e-a242-a1c1f491b6a0,normal,,2026-01-10T15:12:57.773838Z,"{""behavior_phase"":""stable""}"
bb9a0310-5773-450a-9c59-94dcdbc6269b,normal,,2026-01-10T15:13:23.671721Z,"{""behavior_phase"":""stable""}"
46ca488d-0755-498a-a7ea-36e3d7034e19,normal,,2026-01-10T15:20:10.091834Z,"{""behavior_phase"":""stable""}"
efbce466-b72a-4025-9479-413e3c49d4fe,normal,,2026-01-10T15:33:26.857776Z,"{""behavior_phase"":""stable""}"
60c7d944-04e7-4d9b-b98d-c596b35f88ff,normal,,2026-01-10T15:36:30.229438Z,"{""behavior_phase"":""stable""}"
9c43dedf-2407-423b-b686-0b98af5c4dc3,normal,,2026-01-10T15:37:32.572907Z,"{""behavior_phase"":""stable""}"
53c65add-44eb-493b-bdb9-c33b95367345,normal,,2026-01-10T15:43:35.415067Z,"{""behavior_phase"":""stable""}"
5916e6ce-a9b9-4776-9f58-44d26059eb0a,normal,,2026-01-10T15:46:38.658666Z,"{""behavior_phase"":""stable""}"
731afc9e-3439-4fe5-b423-0defaa2677d2,normal,,2026-01-10T15:57:40.094360Z,"{""behavior_phase"":""stable""}"
604d79e6-970e-4cf0-8a1d-368bb1bc49ec,normal,,2026-01-10T16:00:13.856606Z,"{""behavior_phase"":""stable""}"
e039634e-7707-48c3-b312-15eef62ceb48,normal,,2026-01-10T16:04:06.129516Z,"{""behavior_phase"":""stable""}"
2553e77b-ed9b-4858-9748-6dcf3a636136,normal,,2026-01-10T16:18:30.647659Z,"{""behavior_phase"":""stable""}"
8a88f391-ff3f-4724-98a6-8261d0a7d675,normal,,2026-01-10T16:22:52.337525Z,"{""behavior_phase"":""concept_drift""}"
37b456b6-c800-4123-bd61-bfff61936163,normal,,2026-01-10T16:25:59.712841Z,"{""behavior_phase"":""concept_drift""}"
10a0ddf5-68fc-4e1d-9b9a-74abfc0ae1c6,normal,,2026-01-10T16:29:29.579775Z,"{""behavior_phase"":""stable""}"
3357a432-6fcd-44bc-aead-8b76e84ee3f6,normal,,2026-01-10T16:30:13.947878Z,"{""behavior_phase"":""stable""}"
a20723c8-14be-4a15-aef1-86e1cd87da5b,normal,,2026-01-10T16:45:02.840506Z,"{""behavior_phase"":""stable""}"
cfe7eca0-adc2-4020-9cd3-030c68f22b9e,normal,,2026-01-10T16:48:57.574029Z,"{""behavior_phase"":""stable""}"
89a0e310-b79e-486f-9e81-6632318aaa1f,normal,,2026-01-10T16:58:12.760141Z,"{""behavior_phase"":""stable""}"
ffa1b05d-da8a-4660-837a-065a841e256d,normal,,2026-01-10T17:08:42.533079Z,"{""behavior_phase"":""stable""}"
0f6b14e1-4312-4cb2-90c1-61c9c720ff75,normal,,2026-01-10T17:09:17.689127Z,"{""behavior_phase"":""stable""}"
6dec2c9e-69d7-4391-b921-f343c19ee756,normal,,2026-01-10T17:09:46.234061Z,"{""behavior_phase"":""stable""}"
48093d01-b4f3-4e45-87ce-f3d3f068b018,normal,,2026-01-10T17:12:05.629537Z,"{""behavior_phase"":""concept_drift""}"
4a8fab67-196d-4ce7-9563-9d4b10beb3ec,normal,,2026-01-10T17:16:22.453931Z,"{""behavior_phase"":""concept_drift""}"
f98ffc1e-68ee-45e8-8985-e74f52bc1caa,normal,,2026-01-10T17:17:53.760707Z,"{""behavior_phase"":""stable""}"
b9d3b774-1c86-4e97-afe5-380ea857cd7c,normal,,2026-01-10T17:18:04.193556Z,"{""behavior_phase"":""stable""}"
baaed421-8c64-4fde-83c6-e1171937ae8d,normal,,2026-01-10T17:19:45.004596Z,"{""behavior_phase"":""stable""}"
c09f2857-4e39-4f34-bbc1-69a814bd6543,normal,,2026-01-10T17:24:00.034379Z,"{""behavior_phase"":""stable""}"
9a7e332a-8cba-4c7c-be7c-d2bc5e1b69ac,normal,,2026-01-10T17:24:17.595041Z,"{""behavior_phase"":""stable""}"
2a1ec5d3-44b6-47e7-a409-862cc31a6bd1,normal,,2026-01-10T17:26:13.250837Z,"{""behavior_phase"":""stable""}"
474ffd36-d593-41aa-a7f6-7cd40e0ea462,normal,,2026-01-10T17:28:15.363283Z,"{""behavior_phase"":""stable""}"
9efd3248-2127-4ef4-af74-101f6cd6a6a6,normal,,2026-01-10T17:28:55.987599Z,"{""behavior_phase"":""stable""}"
11d7421a-a905-4447-ac5b-62b22f32df28,normal,,2026-01-10T17:29:20.637111Z,"{""behavior_phase"":""stable""}"
eb78f2a7-f951-4997-beb5-d67dd0352c4d,normal,,2026-01-10T17:31:37.615023Z,"{""behavior_phase"":""concept_drift""}"
fd635151-f7dc-452e-b45c-9f3c0145d598,normal,,2026-01-10T17:33:36.374034Z,"{""behavior_phase"":""concept_drift""}"
a4cb3963-7459-4b5a-8f4e-24f29add1eb7,normal,,2026-01-10T17:44:19.148100Z,"{""behavior_phase"":""stable""}"
afcc28da-32a9-4907-b6af-6ad5bf01ca5b,normal,,2026-01-10T17:46:18.293049Z,"{""behavior_phase"":""stable""}"
a1723c4b-c4ca-4b74-9108-68da9702d589,normal,,2026-01-10T17:47:18.411868Z,"{""behavior_phase"":""stable""}"
e0dd5c1d-c836-432e-80af-d9034b2ebf3e,normal,,2026-01-10T17:48:21.855981Z,"{""behavior_phase"":""stable""}"
8bec4864-086a-4806-8718-7daf2374458d,normal,,2026-01-10T17:52:02.644813Z,"{""behavior_phase"":""stable""}"
554601d7-c2a3-4d4d-98a6-de4761b87933,normal,,2026-01-10T17:56:41.834765Z,"{""behavior_phase"":""stable""}"
fc00a1d1-a62b-44dc-9079-999f3ceee9ae,normal,,2026-01-10T18:10:38.265166Z,"{""behavior_phase"":""stable""}"
eae4d20a-4b4c-4f2b-8ec7-1378dbfd4e03,normal,,2026-01-10T18:17:19.709577Z,"{""behavior_phase"":""concept_drift""}"
4bf90623-19a0-49e0-b4a5-4e09816b6b3f,normal,,2026-01-10T18:20:55.571605Z,"{""behavior_phase"":""stable""}"
fed4f20b-519b-432c-9e89-1bf36b3c6557,normal,,2026-01-10T18:23:16.836737Z,"{""behavior_phase"":""stable""}"
ac312646-ebe1-482e-9b7b-b0cf51fe9e06,normal,,2026-01-10T18:30:31.005625Z,"{""behavior_phase"":""stable""}"
8eaff4e6-774d-4eab-9757-51f221299118,normal,,2026-01-10T18:35:31.320193Z,"{""behavior_phase"":""stable""}"
8a1aa009-8d7c-4d19-a85e-a0ae4e2bd1c7,normal,,2026-01-10T18:38:04.998554Z,"{""behavior_phase"":""stable""}"
6bf97a94-789d-4c89-9a7c-2b7c8684a89c,normal,,2026-01-10T18:45:19.749917Z,"{""behavior_phase"":""stable""}"
c9253989-b762-4c26-bdea-33aba3d13acf,lateral_movement,1128810f-7d12-4cc6-be37-9343c0455e87,2026-01-10T18:45:27.707104Z,"{""campaign_size"":4,""campaign_step"":4}"
533b8a6a-51db-4e84-86b5-4063c31d7ac9,normal,,2026-01-10T18:46:39.566643Z,"{""behavior_phase"":""stable""}"
53aa5323-264c-4c57-b780-50efd7f81ad1,normal,,2026-01-10T18:47:29.980059Z,"{""behavior_phase"":""stable""}"
d6e085e6-79cf-4fc4-ad71-16311c6e8ec9,normal,,2026-01-10T18:51:06.191173Z,"{""behavior_phase"":""concept_drift""}"
afb9faa3-c8b3-4e6c-98aa-76d07cd3dfd1,normal,,2026-01-10T18:52:25.302880Z,"{""behavior_phase"":""stable""}"
72d11587-67c6-4813-9695-5938b2154249,normal,,2026-01-10T18:52:55.943392Z,"{""behavior_phase"":""stable""}"
11cadc9b-0aa3-4f8a-b73d-a6376dd3b1c7,normal,,2026-01-10T18:54:04.609232Z,"{""behavior_phase"":""stable""}"
5318b032-cbb1-41a3-ac0b-1faa1665efca,normal,,2026-01-10T18:58:35.381393Z,"{""behavior_phase"":""stable""}"
b9c43930-6d31-41df-a140-d9fb5043ce57,normal,,2026-01-10T18:59:13.222354Z,"{""behavior_phase"":""stable""}"
736925af-7d1e-45e4-bcef-b232220aeec1,normal,,2026-01-10T19:04:26.331661Z,"{""behavior_phase"":""stable""}"
fae952a1-7b12-46d8-8375-8248a7cd45ed,normal,,2026-01-10T19:04:30.078711Z,"{""behavior_phase"":""stable""}"
0ba6931b-183d-4434-83af-2c3af1751a9c,normal,,2026-01-10T19:06:24.674473Z,"{""behavior_phase"":""concept_drift""}"
b46a9dbb-b2bc-4430-b5a3-0ca635361026,normal,,2026-01-10T19:08:14.440756Z,"{""behavior_phase"":""stable""}"
812591f1-91d5-4b1d-84e2-0842624250cf,normal,,2026-01-10T19:27:22.140103Z,"{""behavior_phase"":""concept_drift""}"
137fea3d-a2fd-4a73-8e5a-c314799917a5,normal,,2026-01-10T19:31:04.641732Z,"{""behavior_phase"":""stable""}"
131677cd-e81f-457f-b723-e2030f3a7a3b,normal,,2026-01-10T19:35:12.518776Z,"{""behavior_phase"":""stable""}"
fbfe3681-5efb-4125-a9ea-8b05468e4a83,normal,,2026-01-10T19:36:58.097321Z,"{""behavior_phase"":""concept_drift""}"
6058d653-4d60-45d7-9224-3fa858abb410,normal,,2026-01-10T19:39:20.327701Z,"{""behavior_phase"":""stable""}"
2b6ebf4c-49c2-4165-bdeb-c8aab2ee4908,normal,,2026-01-10T19:45:32.037483Z,"{""behavior_phase"":""stable""}"
c39fa9b7-3611-4bbb-a87f-e56b23f412da,brute_force,2c9ebdad-eb88-4aeb-b068-ad3e2cc0b82a,2026-01-10T19:47:08.622277Z,"{""campaign_size"":5,""campaign_step"":1}"
3578ef14-d5c0-4d3d-9791-6613d070daec,normal,,2026-01-10T19:47:27.006854Z,"{""behavior_phase"":""stable""}"
444946d0-d7b5-4fec-af34-e22d0925ac67,normal,,2026-01-10T19:54:59.995463Z,"{""behavior_phase"":""stable""}"
3709533b-2eed-4a3a-a8e0-80a332428222,normal,,2026-01-10T19:55:10.079460Z,"{""behavior_phase"":""stable""}"
d5eb2de6-a347-40b8-bde2-fb0e0b3eef03,normal,,2026-01-10T19:59:27.519063Z,"{""behavior_phase"":""stable""}"
bb265d17-27ff-4783-bc97-69dd97432511,normal,,2026-01-10T20:02:37.848470Z,"{""behavior_phase"":""stable""}"
e349edb3-166c-4be7-ae53-6ddb369ffedf,normal,,2026-01-10T20:12:58.696055Z,"{""behavior_phase"":""concept_drift""}"
d423020f-4b9f-4aa9-975e-49b5f3e6f05e,normal,,2026-01-10T20:20:57.607694Z,"{""behavior_phase"":""stable""}"
05ec8f1b-87ef-4574-87bb-4e45ca183610,normal,,2026-01-10T20:22:29.563902Z,"{""behavior_phase"":""stable""}"
9acc08be-9fe7-4125-831e-dffd0be64719,normal,,2026-01-10T20:31:38.472138Z,"{""behavior_phase"":""concept_drift""}"
d527ee3c-5a76-4bb6-910e-bb031b56eba8,normal,,2026-01-10T20:39:50.659071Z,"{""behavior_phase"":""stable""}"
ca774466-bd3a-4cca-803a-3a58ce199203,normal,,2026-01-10T20:42:24.174417Z,"{""behavior_phase"":""stable""}"
15d01cd1-1703-4fc2-aca6-da40db5e9e92,normal,,2026-01-10T20:43:46.847394Z,"{""behavior_phase"":""concept_drift""}"
9afa308d-087f-40b1-bee4-8ccde3c79326,normal,,2026-01-10T20:45:38.912822Z,"{""behavior_phase"":""stable""}"
2624642d-306b-4cb6-9387-db3347a5c218,normal,,2026-01-10T20:48:46.341896Z,"{""behavior_phase"":""stable""}"
80cc54e8-77b1-423f-ba15-fe96cd47675d,normal,,2026-01-10T20:51:46.672407Z,"{""behavior_phase"":""stable""}"
cb8c355e-4e5e-4798-af07-118e2ce04102,normal,,2026-01-10T20:52:26.448275Z,"{""behavior_phase"":""stable""}"
4aef77d0-832e-4492-8e59-db010d9bc539,normal,,2026-01-10T20:53:08.798946Z,"{""behavior_phase"":""stable""}"
d9ab47a1-4d18-4269-9146-498c378004e1,normal,,2026-01-10T20:53:25.691597Z,"{""behavior_phase"":""stable""}"
ab2b6f37-a1a2-4a7c-8730-df0ac12b0df4,device_spoofing,f99802ae-e91c-4d7a-9081-a84d1dbe3d55,2026-01-10T20:54:07.127303Z,"{""campaign_size"":4,""campaign_step"":4}"
e41181ba-459c-48eb-9a1a-5b24cfb8bdd4,normal,,2026-01-10T20:57:31.104393Z,"{""behavior_phase"":""stable""}"
ba1b587d-1a62-425d-a0dd-26d24aa95c41,normal,,2026-01-10T21:06:18.911413Z,"{""behavior_phase"":""stable""}"
b9362ec3-8a22-4ac5-a709-5f2fc1fd1ec6,normal,,2026-01-10T21:06:45.173609Z,"{""behavior_phase"":""stable""}"
7fa3fb87-7b76-40c1-9050-13adde6d54e9,normal,,2026-01-10T21:09:37.015094Z,"{""behavior_phase"":""stable""}"
ccb3562a-496d-408a-a016-cf204049ef5b,normal,,2026-01-10T21:13:28.132416Z,"{""behavior_phase"":""stable""}"
e8afa681-53ae-4b5c-8189-26a7a9e56603,normal,,2026-01-10T21:31:32.475681Z,"{""behavior_phase"":""concept_drift""}"
7a382451-9ce8-4d89-9b6d-54c5b4c98427,normal,,2026-01-10T21:34:43.333499Z,"{""behavior_phase"":""stable""}"
90eb2a83-7fb0-41b6-9eb7-4634ddec288e,normal,,2026-01-10T21:38:45.235042Z,"{""behavior_phase"":""stable""}"
ab2f19d5-ec38-4686-acdc-f1f1ffbf3fed,normal,,2026-01-10T21:38:46.909477Z,"{""behavior_phase"":""concept_drift""}"
901ee75d-b590-4f9f-b23a-1d6d2791ca76,normal,,2026-01-10T21:42:51.263666Z,"{""behavior_phase"":""stable""}"
2ffe2feb-1d42-48e0-a2e4-39e70939ba91,normal,,2026-01-10T21:44:25.264631Z,"{""behavior_phase"":""stable""}"
e7b2065f-228b-4039-9577-b63d247f35fe,normal,,2026-01-10T21:49:13.586777Z,"{""behavior_phase"":""stable""}"
d837f477-20e8-4186-99fa-5b43a914817e,normal,,2026-01-10T21:53:54.347011Z,"{""behavior_phase"":""stable""}"
4aa26c31-5b53-47f7-a660-f734ad8c9496,normal,,2026-01-10T21:59:12.949302Z,"{""behavior_phase"":""stable""}"
decfd45b-82da-4aba-b6a5-270e5c150110,normal,,2026-01-10T22:01:14.990817Z,"{""behavior_phase"":""stable""}"
1a7ba8db-96b7-4cde-bbfe-33792aee25a0,normal,,2026-01-10T22:04:07.087268Z,"{""behavior_phase"":""stable""}"
befdeaf7-4c0b-4b72-bc92-fc00c2fee4da,normal,,2026-01-10T22:12:36.052064Z,"{""behavior_phase"":""stable""}"
d84f4cdc-201f-4ebf-85c6-e2c41613a5c9,normal,,2026-01-10T22:13:16.595881Z,"{""behavior_phase"":""stable""}"
422e85eb-df49-45cb-92d4-f4d13c9ceef6,normal,,2026-01-10T22:18:29.690192Z,"{""behavior_phase"":""concept_drift""}"
ab6d8fbb-1b7b-46f6-a6af-44e12d309d65,normal,,2026-01-10T22:24:08.165348Z,"{""behavior_phase"":""stable""}"
c56f7401-a5c0-48ad-8433-4faf8a4e778d,brute_force,2c9ebdad-eb88-4aeb-b068-ad3e2cc0b82a,2026-01-10T22:24:19.235579Z,"{""campaign_size"":5,""campaign_step"":2}"
ecb3b10e-61ab-4f76-844d-d0b49d072ead,impossible_travel,2237967d-0c9f-49a7-852b-4982699acf55,2026-01-10T22:27:19.355776Z,"{""campaign_size"":4,""campaign_step"":3}"
53a38285-6513-4147-9e6a-579c9c624344,normal,,2026-01-10T22:34:08.028777Z,"{""behavior_phase"":""concept_drift""}"
c78d32eb-fe79-46bb-90ae-0e51b3b18dde,normal,,2026-01-10T22:35:02.722121Z,"{""behavior_phase"":""stable""}"
776a7b08-d5fc-4180-8ad3-b81add6cc60c,normal,,2026-01-10T22:39:52.013477Z,"{""behavior_phase"":""stable""}"
7a07e1cc-3083-444b-ace9-4a67c83b9e1a,normal,,2026-01-10T22:40:07.979788Z,"{""behavior_phase"":""stable""}"
3a420e15-dc5d-4c80-bce5-f7cc2518a3f2,normal,,2026-01-10T22:41:21.617252Z,"{""behavior_phase"":""stable""}"
d6d9eb64-1d28-428e-8051-f7be7f792e41,normal,,2026-01-10T22:44:03.528741Z,"{""behavior_phase"":""stable""}"
3bfbe6bf-9f5c-44a3-9e77-25b8338b0569,normal,,2026-01-10T22:49:59.891836Z,"{""behavior_phase"":""stable""}"
e4e78543-c367-4690-b6ec-b1399f0334fd,normal,,2026-01-10T22:51:18.637402Z,"{""behavior_phase"":""stable""}"
5fb929c7-2344-460b-bb13-50fff5ffaee3,normal,,2026-01-10T22:54:00.593112Z,"{""behavior_phase"":""stable""}"
2fb6b531-06eb-4255-9c78-a64ea3c76c1f,normal,,2026-01-10T22:56:35.399511Z,"{""behavior_phase"":""concept_drift""}"
4b7584ed-53a5-4c4a-8f95-4be874c2dfc7,normal,,2026-01-10T22:56:48.182443Z,"{""behavior_phase"":""stable""}"
2eaed899-6596-4acb-8bfb-2a806baf08d2,normal,,2026-01-10T23:16:22.436125Z,"{""behavior_phase"":""stable""}"
31f496d3-57fe-4f9a-8888-074450fba455,normal,,2026-01-10T23:20:58.601559Z,"{""behavior_phase"":""stable""}"
017f52df-2560-42a0-91d5-d07505e14119,normal,,2026-01-10T23:26:19.311073Z,"{""behavior_phase"":""stable""}"
e98d9213-6705-45aa-94e0-d77d0011ecf1,normal,,2026-01-10T23:39:20.259645Z,"{""behavior_phase"":""stable""}"
0ea16276-f397-4c94-9a5b-4e4dbfef5b9c,normal,,2026-01-10T23:41:23.836453Z,"{""behavior_phase"":""stable""}"
3cd75275-546d-443b-adfa-3fbdd753c284,normal,,2026-01-10T23:51:26.456146Z,"{""behavior_phase"":""stable""}"
81081366-cb2d-41f7-8d5f-9ea44f989b2e,low_and_slow_exfiltration,32383174-a519-48c8-b6c1-ec6554c08def,2026-01-10T23:54:15.705693Z,"{""campaign_size"":4,""campaign_step"":3}"
0116499b-a265-4104-87ea-fa00add1e920,normal,,2026-01-10T23:57:55.660428Z,"{""behavior_phase"":""stable""}"
d0072473-8a66-423f-8fe7-8db5709ce777,normal,,2026-01-11T00:00:50.203207Z,"{""behavior_phase"":""stable""}"
a8c4fae5-ec3f-480f-b182-55098700f914,normal,,2026-01-11T00:12:17.939045Z,"{""behavior_phase"":""concept_drift""}"
0d3ab442-5cb8-42bb-a7b2-6c5ed05082c2,normal,,2026-01-11T00:14:03.456876Z,"{""behavior_phase"":""stable""}"
bace8c7d-e8d4-482e-a1e5-87ccaca66ef1,normal,,2026-01-11T00:15:27.855374Z,"{""behavior_phase"":""stable""}"
2f0bb667-589d-447c-82f1-96eb371be72d,normal,,2026-01-11T00:26:17.103518Z,"{""behavior_phase"":""stable""}"
c1dda75c-e97c-405a-ae8f-75790d59abe0,normal,,2026-01-11T00:26:41.710114Z,"{""behavior_phase"":""stable""}"
1ccb6c39-4b39-485c-873e-e551533bd5df,normal,,2026-01-11T00:34:20.435328Z,"{""behavior_phase"":""stable""}"
6f0d4031-2520-4302-a25b-1e03eed4cad0,normal,,2026-01-11T00:50:12.577328Z,"{""behavior_phase"":""stable""}"
98065197-14b2-44c5-a974-f6121b367335,normal,,2026-01-11T00:53:15.633750Z,"{""behavior_phase"":""stable""}"
0d45bc53-e548-468f-beed-c979efb5740b,normal,,2026-01-11T00:53:58.404904Z,"{""behavior_phase"":""stable""}"
81fc0d57-c904-4245-bd62-6394b466838e,normal,,2026-01-11T01:20:28.426402Z,"{""behavior_phase"":""stable""}"
75e429e8-19ac-4cb4-b0d0-24134ed484b4,normal,,2026-01-11T01:25:37.274379Z,"{""behavior_phase"":""concept_drift""}"
ec1e4924-d4f0-4a9c-97c6-f5155928a2fe,normal,,2026-01-11T01:30:46.996696Z,"{""behavior_phase"":""stable""}"
d20db099-da62-483d-9ddf-ce7b41427f79,normal,,2026-01-11T01:51:19.196254Z,"{""behavior_phase"":""stable""}"
c8265a92-8cda-4747-8dbc-8fb0dbf2d8f6,normal,,2026-01-11T01:53:40.125277Z,"{""behavior_phase"":""concept_drift""}"
070bc93d-a617-4517-a3fa-bda6de85de5e,normal,,2026-01-11T02:04:05.716740Z,"{""behavior_phase"":""stable""}"
f3d0edf9-0af6-427d-9fa1-67f39e8fe264,normal,,2026-01-11T02:04:32.331742Z,"{""behavior_phase"":""concept_drift""}"
071d93df-4b52-46f7-94e2-20141ba555e7,normal,,2026-01-11T02:05:43.776394Z,"{""behavior_phase"":""stable""}"
ed4622c6-35d5-4a2d-9aca-d9d04f1f65ef,normal,,2026-01-11T02:06:21.787961Z,"{""behavior_phase"":""stable""}"
c3cd9b8b-0f8f-42ee-bebb-bb271cf49124,normal,,2026-01-11T02:10:15.037736Z,"{""behavior_phase"":""stable""}"
8e221889-e01d-48ea-8c51-b1538597e669,normal,,2026-01-11T02:10:16.253814Z,"{""behavior_phase"":""stable""}"
12104b17-4544-4412-9474-9b53c9f35160,normal,,2026-01-11T02:12:45.657238Z,"{""behavior_phase"":""stable""}"
931164c5-acf6-4a55-8413-cb2f0f8b72d6,normal,,2026-01-11T02:17:14.543524Z,"{""behavior_phase"":""stable""}"
0039ebe7-239e-4747-874b-c94befd867b4,normal,,2026-01-11T02:21:12.348280Z,"{""behavior_phase"":""concept_drift""}"
d9030e38-8835-43d8-93ba-833cae611546,normal,,2026-01-11T02:24:10.909970Z,"{""behavior_phase"":""stable""}"
a3fa2e49-1db3-4b91-942d-86ed61af18d0,normal,,2026-01-11T02:24:41.231386Z,"{""behavior_phase"":""concept_drift""}"
bb4277c6-41d5-4a88-b145-3c4339595650,normal,,2026-01-11T02:28:16.168546Z,"{""behavior_phase"":""stable""}"
abef948d-acf4-46b3-b8b4-29ac7ecf22f0,normal,,2026-01-11T02:30:36.652598Z,"{""behavior_phase"":""stable""}"
eadf8443-9ee1-42ac-9519-5a4d86a3eea6,normal,,2026-01-11T02:55:26.900797Z,"{""behavior_phase"":""stable""}"
93f7eb0f-ff12-4e98-b4fa-36ab2d8ee62d,normal,,2026-01-11T02:57:44.547022Z,"{""behavior_phase"":""stable""}"
4c42abb4-c4d7-41ca-8029-063aa4dc59e0,normal,,2026-01-11T03:00:23.698318Z,"{""behavior_phase"":""stable""}"
f36565ef-b611-4275-ba1c-e28fa65fd53a,normal,,2026-01-11T03:08:56.775778Z,"{""behavior_phase"":""stable""}"
1ee12a7c-fb2f-422d-94fa-50e9585dfd1a,normal,,2026-01-11T03:09:36.981781Z,"{""behavior_phase"":""stable""}"
31b17137-9466-44ba-85d3-cf0379714778,normal,,2026-01-11T03:11:15.785130Z,"{""behavior_phase"":""stable""}"
38c5ff49-c718-47a5-84a3-bd4c12bfbe40,normal,,2026-01-11T03:11:18.853959Z,"{""behavior_phase"":""concept_drift""}"
61ca19c2-9691-4566-a962-204cea167b1a,normal,,2026-01-11T03:36:28.992851Z,"{""behavior_phase"":""stable""}"
ff95f262-c35b-432a-a992-f2764799f5a1,normal,,2026-01-11T03:47:02.947664Z,"{""behavior_phase"":""stable""}"
58f9088a-0ed6-488d-9756-5db750c193f6,normal,,2026-01-11T03:48:45.047686Z,"{""behavior_phase"":""stable""}"
d225d1e0-901e-47d0-a92e-0cbeeaee540a,normal,,2026-01-11T03:51:19.797520Z,"{""behavior_phase"":""stable""}"
2895dcf5-020d-4c11-99f8-adc107fa90d8,normal,,2026-01-11T04:01:26.540308Z,"{""behavior_phase"":""stable""}"
a477b29e-fd3b-4cea-8704-1fb5a7b204e0,normal,,2026-01-11T04:08:44.545561Z,"{""behavior_phase"":""stable""}"
6a30ea7f-6b55-40d2-b2e6-3d47c8af7d68,normal,,2026-01-11T04:25:46.478168Z,"{""behavior_phase"":""stable""}"
d0841d99-1206-48f9-aba2-6541b452bee3,normal,,2026-01-11T04:27:30.828666Z,"{""behavior_phase"":""stable""}"
0447ae2c-02db-4195-a8be-99cc10ad38de,normal,,2026-01-11T04:37:35.743894Z,"{""behavior_phase"":""stable""}"
e23fb0c2-c68a-49d9-a0bb-673ca6c43af3,normal,,2026-01-11T04:46:04.310624Z,"{""behavior_phase"":""stable""}"
2c4a2ace-ca8d-467e-ad0d-99c3e246c7c8,normal,,2026-01-11T04:46:32.493336Z,"{""behavior_phase"":""stable""}"
6b54e27c-20ed-4c73-b248-da8af08daba9,normal,,2026-01-11T04:47:35.231785Z,"{""behavior_phase"":""stable""}"
3969dcc5-6d1f-468b-95d5-a839dc3afb80,normal,,2026-01-11T04:58:27.351552Z,"{""behavior_phase"":""stable""}"
c76b0dc2-6eb2-4391-9a4d-e0a6d81e6483,normal,,2026-01-11T04:59:29.442036Z,"{""behavior_phase"":""stable""}"
36358cbb-80ed-414a-b569-edb08ed11ae1,normal,,2026-01-11T05:07:25.506935Z,"{""behavior_phase"":""stable""}"
8ab87e29-e02e-4b35-babc-12dc54830342,normal,,2026-01-11T05:27:03.927088Z,"{""behavior_phase"":""stable""}"
3cc74d37-085a-4a49-bf6b-db88b5b08280,normal,,2026-01-11T05:27:35.989600Z,"{""behavior_phase"":""concept_drift""}"
e03bfddc-abaf-4ef1-b089-cacea194f85a,normal,,2026-01-11T05:34:54.695442Z,"{""behavior_phase"":""stable""}"
1c366477-322f-4b2b-aca2-23a405fffb5c,normal,,2026-01-11T05:40:37.539320Z,"{""behavior_phase"":""stable""}"
3ee7cb01-73fc-4b14-a902-ffa031b70f8c,normal,,2026-01-11T05:41:54.481893Z,"{""behavior_phase"":""stable""}"
10914285-a92e-4d1f-9a4f-9fc7441e48f3,brute_force,2c9ebdad-eb88-4aeb-b068-ad3e2cc0b82a,2026-01-11T05:48:13.647479Z,"{""campaign_size"":5,""campaign_step"":3}"
10738b45-f075-4390-bf77-cf53b5245241,normal,,2026-01-11T05:48:13.908444Z,"{""behavior_phase"":""stable""}"
e9dee185-2e45-4c0d-b7ac-54d2f58a2c75,normal,,2026-01-11T05:49:19.116891Z,"{""behavior_phase"":""stable""}"
04ad955a-5022-4a83-9aa0-36d11d9beb9d,brute_force,2c9ebdad-eb88-4aeb-b068-ad3e2cc0b82a,2026-01-11T05:49:34.325725Z,"{""campaign_size"":5,""campaign_step"":4}"
7a182034-ff9a-4455-9039-ec0e4eff425c,normal,,2026-01-11T05:50:19.625035Z,"{""behavior_phase"":""stable""}"
a17f7ffb-9387-44df-ac56-247366813dce,normal,,2026-01-11T05:55:20.338744Z,"{""behavior_phase"":""stable""}"
b22cedf0-f35d-405b-8165-5707c98a2539,normal,,2026-01-11T06:04:04.950216Z,"{""behavior_phase"":""stable""}"
d22391cf-8257-4cf9-8b8d-eb8a901542f8,normal,,2026-01-11T06:11:28.095291Z,"{""behavior_phase"":""concept_drift""}"
378a9c56-2035-4522-9b03-7b7443c24d8f,normal,,2026-01-11T06:11:55.130571Z,"{""behavior_phase"":""stable""}"
d1aa2581-7e9e-4663-8b7e-af57a9031ba9,normal,,2026-01-11T06:13:59.209576Z,"{""behavior_phase"":""stable""}"
71073a49-4f16-4a5a-8348-17d3d575a4f0,normal,,2026-01-11T06:15:49.850899Z,"{""behavior_phase"":""stable""}"
a63ac723-d4c9-4724-8f80-3407ced16d0f,normal,,2026-01-11T06:16:11.593601Z,"{""behavior_phase"":""concept_drift""}"
b055d7f2-1088-4444-bf26-ce5d70000c67,normal,,2026-01-11T06:25:17.061556Z,"{""behavior_phase"":""stable""}"
995fa83a-17fd-4b47-9091-5ab0912be069,normal,,2026-01-11T06:25:36.242244Z,"{""behavior_phase"":""stable""}"
fbd58288-40fd-4352-aaec-4e962e69b35f,normal,,2026-01-11T06:26:38.465557Z,"{""behavior_phase"":""stable""}"
36af40b9-80bd-4ea8-9ba9-51de03a54a80,normal,,2026-01-11T06:29:14.839787Z,"{""behavior_phase"":""stable""}"
8e05aec7-f05d-49d1-a435-839439695287,normal,,2026-01-11T06:37:05.284438Z,"{""behavior_phase"":""stable""}"
74dc8efb-53df-4231-b293-b3796b0b82ce,normal,,2026-01-11T06:38:25.402900Z,"{""behavior_phase"":""concept_drift""}"
57e8d680-14a6-4cb0-90b1-323125ae379a,normal,,2026-01-11T06:39:29.225485Z,"{""behavior_phase"":""stable""}"
53f4be86-de41-4cb3-a204-4c1e75d648a1,normal,,2026-01-11T06:39:38.578169Z,"{""behavior_phase"":""stable""}"
fe2c2072-a2a5-43b5-a5d9-dc8f05e47aba,normal,,2026-01-11T06:41:47.032982Z,"{""behavior_phase"":""stable""}"
8633b178-9144-4af9-8d99-c7d0917cb8f5,normal,,2026-01-11T06:56:58.632177Z,"{""behavior_phase"":""stable""}"
7a855783-be26-4ff6-8d15-a7b8669d1ffc,normal,,2026-01-11T06:57:31.922153Z,"{""behavior_phase"":""stable""}"
516c0da2-86a3-4f40-ae3c-31e751887135,normal,,2026-01-11T07:06:31.348139Z,"{""behavior_phase"":""stable""}"
000ba038-3352-4657-aef2-e5897419f46d,normal,,2026-01-11T07:12:05.975362Z,"{""behavior_phase"":""stable""}"
27df7299-a809-42bf-9e1f-02e10b6c5e24,normal,,2026-01-11T07:16:57.550057Z,"{""behavior_phase"":""stable""}"
51492762-251a-45d9-b906-d798fbe2b885,normal,,2026-01-11T07:17:41.396184Z,"{""behavior_phase"":""stable""}"
4502a269-9d27-4d7e-9553-b2b4cd200d49,normal,,2026-01-11T07:23:02.077050Z,"{""behavior_phase"":""stable""}"
cd3b5944-e33a-4b24-8381-edd869b5a626,normal,,2026-01-11T07:26:02.777893Z,"{""behavior_phase"":""stable""}"
cd7315f2-af89-46b9-978c-0aa63e179206,normal,,2026-01-11T07:31:33.924985Z,"{""behavior_phase"":""stable""}"
aabb2fc3-243d-4fcc-b861-0530ba88090e,normal,,2026-01-11T07:31:45.326402Z,"{""behavior_phase"":""concept_drift""}"
6beeed07-b2a0-4925-b827-0a1e2111ae11,normal,,2026-01-11T07:46:19.965252Z,"{""behavior_phase"":""stable""}"
bfafa1db-708f-42e2-a6d4-740e59571e95,normal,,2026-01-11T07:47:38.999115Z,"{""behavior_phase"":""stable""}"
86741931-e882-48ce-b6dc-78ac073ceedf,normal,,2026-01-11T07:55:09.381224Z,"{""behavior_phase"":""stable""}"
8f9b2cb8-6ec7-4815-8172-e148b83dc34d,normal,,2026-01-11T07:56:46.663682Z,"{""behavior_phase"":""stable""}"
6c3666c1-3dc1-4d1a-a9a5-641ec29d4355,normal,,2026-01-11T08:03:45.883963Z,"{""behavior_phase"":""stable""}"
cc898a7f-ef5d-4926-8f29-4652a28250d9,normal,,2026-01-11T08:16:23.180926Z,"{""behavior_phase"":""stable""}"
98e221bf-8748-4502-b1bd-79301e96e37f,normal,,2026-01-11T08:25:35.443533Z,"{""behavior_phase"":""stable""}"
c4ef894b-9745-4138-b9ae-0e79fb5d78c6,insider_drift,dbd81d0e-8335-44de-8183-ff944b1b86b4,2026-01-11T08:28:01.260628Z,"{""campaign_size"":4,""campaign_step"":3}"
328f2b62-4348-457b-a3d7-8c9b337e823d,normal,,2026-01-11T08:36:52.150187Z,"{""behavior_phase"":""stable""}"
066dcd5d-b8a4-484d-a83a-ffe06af338c5,normal,,2026-01-11T08:37:01.628515Z,"{""behavior_phase"":""stable""}"
4a6ff6b7-e893-40b4-886f-7f49c45855ff,normal,,2026-01-11T08:38:41.683860Z,"{""behavior_phase"":""concept_drift""}"
c3b39581-8e0a-492e-b770-8af803506cac,normal,,2026-01-11T08:44:35.783697Z,"{""behavior_phase"":""stable""}"
94700b31-9bc8-493b-abc9-b412c9a86642,normal,,2026-01-11T08:44:51.919846Z,"{""behavior_phase"":""stable""}"
4db44b32-2d27-406c-a9a7-ac996f0ecba1,normal,,2026-01-11T08:58:56.362612Z,"{""behavior_phase"":""stable""}"
b1cd2101-e854-4fca-a63d-45105b71b75f,normal,,2026-01-11T08:59:13.120328Z,"{""behavior_phase"":""stable""}"
140fa470-7951-4143-b060-d3e54d0fe4a1,normal,,2026-01-11T09:00:37.568712Z,"{""behavior_phase"":""stable""}"
d097605b-30a0-4c2a-995b-0788ab8ca2fc,normal,,2026-01-11T09:02:56.224911Z,"{""behavior_phase"":""stable""}"
98300950-27ee-46f4-b708-db69a8f3f00c,normal,,2026-01-11T09:12:49.861805Z,"{""behavior_phase"":""stable""}"
1a25a232-b560-4b97-82b6-7d844ec55ace,brute_force,2c9ebdad-eb88-4aeb-b068-ad3e2cc0b82a,2026-01-11T09:13:42.899680Z,"{""campaign_size"":5,""campaign_step"":5}"
9c50d55e-5c78-499b-8282-8173e00eb70c,normal,,2026-01-11T09:14:08.691052Z,"{""behavior_phase"":""stable""}"
f36ff436-88d3-4b4e-a199-399e1d63b6d7,normal,,2026-01-11T09:20:11.313375Z,"{""behavior_phase"":""stable""}"
b06f4621-50a2-43cf-bd6d-32970db57618,normal,,2026-01-11T09:23:26.302031Z,"{""behavior_phase"":""stable""}"
dc435f1b-817b-4e22-80f7-c7f9ff7d111d,normal,,2026-01-11T09:29:39.997953Z,"{""behavior_phase"":""stable""}"
ec2d255d-0fcb-479a-ab26-c53076125ce7,normal,,2026-01-11T09:31:25.082145Z,"{""behavior_phase"":""stable""}"
424bc74e-9a8b-4e8b-9d55-f0d600628f56,normal,,2026-01-11T09:45:00.007673Z,"{""behavior_phase"":""stable""}"
11a7f27d-d50b-4205-9e5b-8146b00b0a41,normal,,2026-01-11T09:46:41.284888Z,"{""behavior_phase"":""stable""}"
181602bb-ce7d-487e-83ee-756490d69cc2,normal,,2026-01-11T09:50:35.597488Z,"{""behavior_phase"":""stable""}"
125b9a7e-daab-42c9-bed8-536fbd172ea2,normal,,2026-01-11T09:53:22.012619Z,"{""behavior_phase"":""stable""}"
65fa327a-fafe-478e-8145-f96fdff17f6a,normal,,2026-01-11T10:13:34.774894Z,"{""behavior_phase"":""stable""}"
b5117b90-a092-4453-b62f-0326a1649acd,normal,,2026-01-11T10:15:53.299758Z,"{""behavior_phase"":""stable""}"
407f2c38-e2e8-412e-88af-f676934896f7,normal,,2026-01-11T10:18:25.257416Z,"{""behavior_phase"":""stable""}"
bb85c6b1-fd5e-4d98-bb1d-160685cda5af,normal,,2026-01-11T10:24:40.213141Z,"{""behavior_phase"":""stable""}"
4e46e0fa-8825-4a15-bee8-440122400b6f,normal,,2026-01-11T10:35:47.498200Z,"{""behavior_phase"":""stable""}"
2dddf2f1-cb38-4f51-b898-e7675b9ba93f,normal,,2026-01-11T10:47:40.416706Z,"{""behavior_phase"":""stable""}"
ddd8022a-78c6-4e9c-905f-56568d41c847,normal,,2026-01-11T10:51:08.566074Z,"{""behavior_phase"":""stable""}"
cd84320f-7246-4460-b75b-7aae08eff53a,normal,,2026-01-11T11:03:43.431058Z,"{""behavior_phase"":""stable""}"
e7ebf3bc-a692-466e-93ca-8a7451137b72,normal,,2026-01-11T11:11:03.171171Z,"{""behavior_phase"":""stable""}"
d7db84d6-3146-4365-8de7-0179706d7835,normal,,2026-01-11T11:26:16.899234Z,"{""behavior_phase"":""stable""}"
8420ac41-50fe-4deb-988e-97ec97d4f31e,normal,,2026-01-11T11:32:31.480497Z,"{""behavior_phase"":""stable""}"
e35aa5c6-77ef-4d1f-9524-6d3229fefdaa,normal,,2026-01-11T11:47:36.068447Z,"{""behavior_phase"":""stable""}"
1d4018c2-7f8f-4444-9a6b-94739ccf93f6,normal,,2026-01-11T11:48:51.451144Z,"{""behavior_phase"":""stable""}"
04877c40-919d-43ac-b842-7ce575a85985,normal,,2026-01-11T11:56:04.609100Z,"{""behavior_phase"":""stable""}"
a3fd8cce-75ff-4904-8d93-e0084f497829,normal,,2026-01-11T12:07:11.313416Z,"{""behavior_phase"":""stable""}"
89318023-9e0a-4d4d-a010-58604b576a39,normal,,2026-01-11T12:14:58.484234Z,"{""behavior_phase"":""stable""}"
abadabb5-e109-4265-9348-ad79ccc4412b,normal,,2026-01-11T12:15:21.539296Z,"{""behavior_phase"":""stable""}"
6981ce6d-cb3a-47c6-9d46-c5745eb10c29,normal,,2026-01-11T12:19:26.107892Z,"{""behavior_phase"":""stable""}"
f59ce87c-88dc-4e63-ae3b-16c6640df0c3,normal,,2026-01-11T12:20:07.379511Z,"{""behavior_phase"":""stable""}"
14a22718-757a-4348-9b94-569188ec851a,normal,,2026-01-11T12:20:38.738726Z,"{""behavior_phase"":""stable""}"
1d234379-7c02-4c1c-b44b-7281ada91f98,normal,,2026-01-11T12:29:25.903115Z,"{""behavior_phase"":""stable""}"
1fab7b72-1b6a-45ed-87df-79c54f4554a0,normal,,2026-01-11T12:36:04.997522Z,"{""behavior_phase"":""stable""}"
06653e9b-0679-4265-a717-7ead9f124efc,normal,,2026-01-11T12:37:41.942592Z,"{""behavior_phase"":""stable""}"
daf9a5ac-3f7f-48ba-a7a9-beb3f56b8e92,normal,,2026-01-11T13:00:28.078348Z,"{""behavior_phase"":""stable""}"
ac41a522-02c5-4984-b22e-72e64872862d,normal,,2026-01-11T13:01:27.280192Z,"{""behavior_phase"":""stable""}"
c75a89ea-70b9-4360-b272-0a76219ab589,normal,,2026-01-11T13:03:17.374513Z,"{""behavior_phase"":""stable""}"
cfa2ff1b-91cb-4e9b-8ea7-64ccc244e518,normal,,2026-01-11T13:04:17.631610Z,"{""behavior_phase"":""stable""}"
0b83ce18-4534-4ee3-8eae-db8cb788b8a8,normal,,2026-01-11T13:11:42.033218Z,"{""behavior_phase"":""concept_drift""}"
af40687d-72b2-4368-ad5b-f2aa615fa28a,normal,,2026-01-11T13:17:48.697221Z,"{""behavior_phase"":""stable""}"
7bb801a5-db66-429e-9687-3c604a2aa2da,normal,,2026-01-11T13:28:34.462258Z,"{""behavior_phase"":""stable""}"
c1e3f7a5-ba6b-472e-b8d6-61139c4d33f7,low_and_slow_exfiltration,32383174-a519-48c8-b6c1-ec6554c08def,2026-01-11T13:31:55.746842Z,"{""campaign_size"":4,""campaign_step"":4}"
1149e3f5-4ebe-491e-b247-c68eaba9042a,normal,,2026-01-11T13:36:21.019484Z,"{""behavior_phase"":""stable""}"
847258c9-c00b-41b2-8a0b-bd2063ac17e6,normal,,2026-01-11T13:41:46.416440Z,"{""behavior_phase"":""stable""}"
b32a4bea-b4a8-40d5-81aa-5a0ab5a207ba,normal,,2026-01-11T13:46:25.085523Z,"{""behavior_phase"":""stable""}"
15bd5a3d-6b00-440f-bc76-b82d5e31f41f,normal,,2026-01-11T13:48:44.953715Z,"{""behavior_phase"":""stable""}"
279a93d5-d23c-4ff2-9d22-33d996a4a290,normal,,2026-01-11T13:51:50.414774Z,"{""behavior_phase"":""stable""}"
3f5874bb-148c-44d7-a60d-01a71543d874,normal,,2026-01-11T13:59:43.003575Z,"{""behavior_phase"":""stable""}"
fb4f7844-7bfd-4a11-8733-bcdde7238b6a,normal,,2026-01-11T14:04:17.659645Z,"{""behavior_phase"":""stable""}"
5da93f79-7e30-4fa7-aeea-81d242db9bc8,normal,,2026-01-11T14:07:40.258576Z,"{""behavior_phase"":""stable""}"
19849f24-730e-463c-9d2a-61ac74e8b8e8,normal,,2026-01-11T14:08:55.859885Z,"{""behavior_phase"":""stable""}"
33941f81-972c-402c-8ab6-d0b3ce22ba0c,normal,,2026-01-11T14:12:40.913801Z,"{""behavior_phase"":""stable""}"
c009804e-883c-4913-a9c2-08bb396058db,normal,,2026-01-11T14:16:37.770222Z,"{""behavior_phase"":""stable""}"
ec3790a9-49aa-423d-b891-5d69204516b6,normal,,2026-01-11T14:17:04.216828Z,"{""behavior_phase"":""stable""}"
9807e3e1-47f1-404e-a04d-a21e559a212c,normal,,2026-01-11T14:21:03.226262Z,"{""behavior_phase"":""stable""}"
23dd8aba-5e86-4bd0-a591-505a5135c7a9,normal,,2026-01-11T14:21:10.184478Z,"{""behavior_phase"":""stable""}"
88df47ee-d5c3-484d-8ba9-385d1747f14b,normal,,2026-01-11T14:21:28.150718Z,"{""behavior_phase"":""stable""}"
61bb4794-f8ce-478b-afbb-e325b67f07d2,normal,,2026-01-11T14:25:22.109071Z,"{""behavior_phase"":""concept_drift""}"
4a1e4a7b-f8e7-4ab0-8028-6b811819db55,normal,,2026-01-11T14:29:50.289702Z,"{""behavior_phase"":""stable""}"
76698504-445b-46b9-a24f-a61a054dc81a,normal,,2026-01-11T14:35:23.280137Z,"{""behavior_phase"":""stable""}"
aab6e6bb-4417-4e82-a486-70d9567c7881,normal,,2026-01-11T14:47:03.115258Z,"{""behavior_phase"":""stable""}"
d665de37-402c-4597-8bb9-2d65cede2054,normal,,2026-01-11T14:47:08.401303Z,"{""behavior_phase"":""stable""}"
dc415bdb-f11e-407d-ad55-f71aa8a1412b,normal,,2026-01-11T14:50:25.206525Z,"{""behavior_phase"":""stable""}"
debe7149-23a8-472c-a2c2-3bc7930177ce,normal,,2026-01-11T14:51:14.035366Z,"{""behavior_phase"":""stable""}"
a4bef53e-4fe6-4eb8-b1c9-4a2472820414,normal,,2026-01-11T15:00:46.893336Z,"{""behavior_phase"":""stable""}"
bbe576c9-55c1-4d8b-82a1-4cf23f3e603d,normal,,2026-01-11T15:02:22.945418Z,"{""behavior_phase"":""stable""}"
0115f337-909a-4647-8d86-7185e0698921,normal,,2026-01-11T15:06:15.955153Z,"{""behavior_phase"":""stable""}"
1117a8a2-386b-405a-bb60-bc3b925fefa1,normal,,2026-01-11T15:11:11.360098Z,"{""behavior_phase"":""concept_drift""}"
7ade7bc1-14b2-4e59-962e-28c0e7add884,normal,,2026-01-11T15:11:19.910246Z,"{""behavior_phase"":""stable""}"
c534b5f1-2224-49f1-86fc-51dbe7921d33,normal,,2026-01-11T15:13:09.508764Z,"{""behavior_phase"":""stable""}"
e360d69f-8689-4c1e-9052-b07ce14bbede,normal,,2026-01-11T15:28:07.135263Z,"{""behavior_phase"":""stable""}"
d5eaf2a2-f097-487e-b84c-e6af21af4d14,normal,,2026-01-11T15:37:07.760521Z,"{""behavior_phase"":""stable""}"
e4bc5a31-0717-4b19-894d-172ea7f08f68,normal,,2026-01-11T15:38:19.236744Z,"{""behavior_phase"":""stable""}"
b09cce44-3852-4e56-9903-c3c39f81fa51,normal,,2026-01-11T15:46:24.632643Z,"{""behavior_phase"":""concept_drift""}"
a6e855a5-bbe3-4a55-ae52-a737b6764d7c,normal,,2026-01-11T15:46:26.193153Z,"{""behavior_phase"":""stable""}"
71215dda-507c-4b8b-b2c9-3da68bf6f630,normal,,2026-01-11T15:47:56.328031Z,"{""behavior_phase"":""stable""}"
dc7dee3b-dbbd-45d2-b870-cfd9628e9f0d,impossible_travel,2237967d-0c9f-49a7-852b-4982699acf55,2026-01-11T15:52:26.388034Z,"{""campaign_size"":4,""campaign_step"":4}"
6b1c4100-5314-484c-a321-bd65a4d1b316,normal,,2026-01-11T16:01:39.399243Z,"{""behavior_phase"":""stable""}"
a008262f-4a27-4300-8344-89177fa272cb,credential_stuffing,66fa1b2e-71e2-46ca-863f-e579f7db13d8,2026-01-11T16:04:50.785774Z,"{""campaign_size"":5,""campaign_step"":5}"
4a812984-43e6-4627-bf2a-5a12c4d1ece7,normal,,2026-01-11T16:11:09.997134Z,"{""behavior_phase"":""stable""}"
385d437d-ddd6-4889-af19-83ec33ebc7b8,normal,,2026-01-11T16:13:07.936400Z,"{""behavior_phase"":""stable""}"
5d89b241-326a-4811-a29e-b7da84259d26,normal,,2026-01-11T16:37:10.852342Z,"{""behavior_phase"":""stable""}"
af81f51f-c551-4da6-9c03-703017a44f2a,normal,,2026-01-11T16:39:32.036299Z,"{""behavior_phase"":""stable""}"
61bb7fa4-c8b8-498f-8edc-fd5aae1ca295,normal,,2026-01-11T16:40:33.937497Z,"{""behavior_phase"":""stable""}"
e5b3cdc2-8d1e-402b-975f-5f309f322b7e,normal,,2026-01-11T16:41:59.514980Z,"{""behavior_phase"":""stable""}"
5565f0d1-a550-4fd2-960b-c1b3148da6b0,normal,,2026-01-11T16:42:51.221724Z,"{""behavior_phase"":""stable""}"
7542bfe4-1552-4fd0-baf7-cbda61676ce8,normal,,2026-01-11T16:44:29.460804Z,"{""behavior_phase"":""stable""}"
ee06978b-6e46-493b-9cbe-5f6911721da1,normal,,2026-01-11T16:49:50.873833Z,"{""behavior_phase"":""stable""}"
7897fb47-0a83-4d0a-be0f-54c9f43a71fd,normal,,2026-01-11T16:59:27.423698Z,"{""behavior_phase"":""stable""}"
c6838a81-3781-4b63-9eb6-9393e649b71a,normal,,2026-01-11T17:00:14.214969Z,"{""behavior_phase"":""stable""}"
35c9f4a1-cad5-4dae-b127-f4dd8f4b5dd3,normal,,2026-01-11T17:07:01.534737Z,"{""behavior_phase"":""stable""}"
5999ec6f-6dff-4850-be29-1b87f8297128,normal,,2026-01-11T17:07:45.958145Z,"{""behavior_phase"":""concept_drift""}"
0d863740-7df5-41f3-8284-6cd1c43d0818,normal,,2026-01-11T17:09:10.176611Z,"{""behavior_phase"":""stable""}"
990e1696-784d-457b-8282-11b5425381b1,normal,,2026-01-11T17:11:48.116669Z,"{""behavior_phase"":""stable""}"
a31d08ca-ed0e-429b-8180-5a1745f73412,normal,,2026-01-11T17:12:24.869985Z,"{""behavior_phase"":""stable""}"
a4f78ddb-66ac-4ff2-99ef-e47664b54866,normal,,2026-01-11T17:25:51.121033Z,"{""behavior_phase"":""stable""}"
6488442c-0306-46e6-aba8-ca80ee815794,normal,,2026-01-11T17:27:50.838020Z,"{""behavior_phase"":""stable""}"
99024102-ecf6-4630-bf72-483a217626a1,normal,,2026-01-11T17:32:10.294956Z,"{""behavior_phase"":""stable""}"
57b534bd-f50c-413d-8584-88599afad7f9,normal,,2026-01-11T17:45:22.119208Z,"{""behavior_phase"":""stable""}"
3387066e-dcf2-4ae8-9cad-56d77691df8a,normal,,2026-01-11T17:55:56.914713Z,"{""behavior_phase"":""stable""}"
fc7df154-06c6-49ce-8a62-174a20c39381,normal,,2026-01-11T18:03:17.187862Z,"{""behavior_phase"":""stable""}"
80f81077-579a-4ba4-9ab7-20c5e0e7e500,insider_drift,dbd81d0e-8335-44de-8183-ff944b1b86b4,2026-01-11T18:08:01.685316Z,"{""campaign_size"":4,""campaign_step"":4}"
b1c610c7-dcb9-45b4-a30e-f6330b11a7b6,normal,,2026-01-11T18:15:25.039964Z,"{""behavior_phase"":""stable""}"
7ab759e1-e6b4-4194-8149-3c0c9b4e915d,normal,,2026-01-11T18:16:04.669619Z,"{""behavior_phase"":""concept_drift""}"
8fc77dad-abbf-42ca-82c5-45651841078a,normal,,2026-01-11T18:21:23.397858Z,"{""behavior_phase"":""stable""}"
d97549e8-1693-4c02-b5ac-fa74e0b0cfd6,normal,,2026-01-11T18:35:53.244975Z,"{""behavior_phase"":""stable""}"
361a636d-272a-45a1-88ae-050901ae80a5,normal,,2026-01-11T18:47:12.125208Z,"{""behavior_phase"":""stable""}"
7d8c1f9e-41e0-4665-beb6-e5f1970094e4,normal,,2026-01-11T18:47:33.296766Z,"{""behavior_phase"":""stable""}"
7daf3465-317d-4251-a777-8a272d3fbc1c,normal,,2026-01-11T18:49:04.042486Z,"{""behavior_phase"":""stable""}"
066c29c8-7da7-4f88-a457-2cb77d3ee8f9,normal,,2026-01-11T18:57:45.373730Z,"{""behavior_phase"":""stable""}"
e4e6fe35-5b05-4474-9296-37c406436be9,normal,,2026-01-11T18:58:32.379715Z,"{""behavior_phase"":""stable""}"
f396f599-f076-4870-8335-be791e9f1d37,normal,,2026-01-11T19:00:11.741404Z,"{""behavior_phase"":""stable""}"
775f461a-f2ee-4ac5-9f13-8950653f0a7a,normal,,2026-01-11T19:04:41.260029Z,"{""behavior_phase"":""stable""}"
6f487000-b8a8-467a-b8f3-c40df5f33f55,normal,,2026-01-11T19:09:55.872295Z,"{""behavior_phase"":""concept_drift""}"
4f4fe063-9d20-430d-8932-4e86f2f8610e,normal,,2026-01-11T19:12:17.674447Z,"{""behavior_phase"":""stable""}"
9ae0e91d-3bf4-4806-b448-ed2e5045db74,normal,,2026-01-11T19:15:50.096016Z,"{""behavior_phase"":""stable""}"
282f54ab-5448-4985-80b4-06b34d8a60ba,normal,,2026-01-11T19:24:16.863727Z,"{""behavior_phase"":""stable""}"
ffd60fb6-db1b-43d7-8602-0c8717e81af4,normal,,2026-01-11T19:28:12.301146Z,"{""behavior_phase"":""concept_drift""}"
e60a3288-25d3-4f62-8878-7b40a5e4a8b1,normal,,2026-01-11T19:34:27.663070Z,"{""behavior_phase"":""stable""}"
0612ad41-0c8a-4677-8d79-633803b90e15,normal,,2026-01-11T19:43:21.695579Z,"{""behavior_phase"":""stable""}"
8dcc739a-6828-4a5f-be2a-62fa05cd6878,normal,,2026-01-11T19:50:47.369120Z,"{""behavior_phase"":""stable""}"
e8ff1e8a-d208-4b9b-b07b-3e3e6b576c41,normal,,2026-01-11T19:51:51.389148Z,"{""behavior_phase"":""stable""}"
7d3b8223-6e61-446f-8105-15dfae36a5dd,normal,,2026-01-11T19:53:30.096759Z,"{""behavior_phase"":""stable""}"
fe800991-b9a5-4b11-a597-f44341151520,normal,,2026-01-11T20:24:04.239316Z,"{""behavior_phase"":""stable""}"
798d6a3d-be0f-4360-bd54-7cacb1eb0930,normal,,2026-01-11T20:24:14.044545Z,"{""behavior_phase"":""stable""}"
40bfcfc9-6aed-4b37-b5e3-f8689549ab38,normal,,2026-01-11T20:28:14.627952Z,"{""behavior_phase"":""stable""}"
d6f54f4f-c3f4-4bdb-9544-fb461026e097,normal,,2026-01-11T20:33:13.229287Z,"{""behavior_phase"":""stable""}"
d9242979-d8dd-49f1-8404-3c25b18d4e86,normal,,2026-01-11T20:33:52.090245Z,"{""behavior_phase"":""stable""}"
2ccce0c3-44a3-4b94-be0c-39eb63368910,normal,,2026-01-11T20:44:05.671922Z,"{""behavior_phase"":""stable""}"
ea8a3d2b-da5d-4cac-a495-2a9b7c434b95,normal,,2026-01-11T20:51:01.095746Z,"{""behavior_phase"":""stable""}"
7c4e820c-4ce1-4078-8a81-d98a53b64bad,normal,,2026-01-11T20:51:06.737744Z,"{""behavior_phase"":""stable""}"
3ed3fbc3-f5dc-4fb8-9ea0-05439b169a9f,normal,,2026-01-11T21:00:49.334785Z,"{""behavior_phase"":""stable""}"
e2090eec-df6f-48fd-8c35-000a465ee23a,normal,,2026-01-11T21:05:37.440718Z,"{""behavior_phase"":""stable""}"
1f28272c-4596-4e48-9f30-22b9708793bd,normal,,2026-01-11T21:10:25.102623Z,"{""behavior_phase"":""stable""}"
6c11d616-e9bc-4825-b567-46e8ceaed48c,normal,,2026-01-11T21:11:15.778645Z,"{""behavior_phase"":""stable""}"
deda04d0-b924-4557-8b2d-0605378fe0b6,normal,,2026-01-11T21:18:10.154591Z,"{""behavior_phase"":""stable""}"
47c11ef2-81db-4b50-855a-4c774bd5afff,normal,,2026-01-11T21:29:39.067501Z,"{""behavior_phase"":""concept_drift""}"
aca8c895-62f9-48d9-9e0e-6428ea1fa7ce,normal,,2026-01-11T21:31:16.991502Z,"{""behavior_phase"":""concept_drift""}"
9dddf954-d5e6-4dc9-93c9-186514197df4,normal,,2026-01-11T21:40:20.710380Z,"{""behavior_phase"":""stable""}"
1b284d82-481a-43e2-93b2-5f509c15b505,normal,,2026-01-11T21:54:17.516248Z,"{""behavior_phase"":""stable""}"
79cdc80b-19d9-48f6-b5e8-7145c6868b7b,normal,,2026-01-11T21:57:27.362816Z,"{""behavior_phase"":""stable""}"
93846fe3-093b-4d00-b841-11a307ef6464,normal,,2026-01-11T22:04:16.477718Z,"{""behavior_phase"":""stable""}"
e3942c6f-0aa8-4df0-be28-a81b0bcd51c2,normal,,2026-01-11T22:13:21.270172Z,"{""behavior_phase"":""stable""}"
7f6808c0-d4e1-403c-939d-59c99647c50f,normal,,2026-01-11T22:22:46.178208Z,"{""behavior_phase"":""stable""}"
dc99667a-b729-4608-864b-64eacd33b13a,normal,,2026-01-11T22:25:19.756182Z,"{""behavior_phase"":""stable""}"
78bddb9d-ed8d-4387-a7d0-b29c4404303c,normal,,2026-01-11T22:29:15.363018Z,"{""behavior_phase"":""stable""}"
b2f3ceb0-f9b6-47a5-8bb9-b19b25a4cf8e,normal,,2026-01-11T22:30:27.638403Z,"{""behavior_phase"":""stable""}"
6745e212-4fd4-4174-963e-2d071b98699c,normal,,2026-01-11T22:36:28.725884Z,"{""behavior_phase"":""stable""}"
071f8a6b-d81c-436a-bffd-03eea1256f47,normal,,2026-01-11T22:38:23.882192Z,"{""behavior_phase"":""stable""}"
cfa9cb6e-3783-4f5b-9af0-9d23db96353e,normal,,2026-01-11T22:39:40.020273Z,"{""behavior_phase"":""stable""}"
f4468a6a-baad-4b54-8676-c581954fafd0,normal,,2026-01-11T22:41:35.646482Z,"{""behavior_phase"":""stable""}"
16d95b25-f367-4d81-8f7f-8fff188585bc,normal,,2026-01-11T22:47:59.743457Z,"{""behavior_phase"":""stable""}"
78b87e4c-b56c-4105-bd34-b6402a00c452,normal,,2026-01-11T22:51:38.954830Z,"{""behavior_phase"":""stable""}"
6cb1cecd-c04b-4933-8f24-95d31884b7b2,normal,,2026-01-11T22:52:45.601309Z,"{""behavior_phase"":""stable""}"
6aae9bd5-9df9-4e74-a0b9-9f8ec2bac4a1,normal,,2026-01-11T22:56:25.710411Z,"{""behavior_phase"":""stable""}"
fca893ff-02b6-49e5-968b-f3146b002ba1,normal,,2026-01-11T23:14:29.630878Z,"{""behavior_phase"":""stable""}"
3431e0d5-ecea-4891-b3a9-7c31cb63a777,normal,,2026-01-11T23:21:37.466162Z,"{""behavior_phase"":""stable""}"
5d503d9f-fc64-423c-a4cd-b0ec473fcb90,normal,,2026-01-11T23:29:17.438963Z,"{""behavior_phase"":""stable""}"
966282be-0cba-4139-95fa-3699acfc1f6f,normal,,2026-01-11T23:29:38.121237Z,"{""behavior_phase"":""stable""}"
c3fa37e6-e70a-4bff-96ea-e554a8e32b0b,normal,,2026-01-11T23:29:38.538897Z,"{""behavior_phase"":""stable""}"
f3bb15e8-7b11-4258-b1db-9a1b652c9a43,normal,,2026-01-11T23:30:33.197507Z,"{""behavior_phase"":""stable""}"
5d073fb7-4eb8-4ed0-8b43-65d997520b33,normal,,2026-01-11T23:31:32.694431Z,"{""behavior_phase"":""stable""}"
16164195-415c-4f68-a398-1a6c1659ee5a,normal,,2026-01-11T23:40:42.303439Z,"{""behavior_phase"":""stable""}"
5131b497-4610-4d72-b9e0-33c6dbe01ca2,normal,,2026-01-11T23:42:11.301374Z,"{""behavior_phase"":""stable""}"
33ae94f7-945d-45f0-b6dd-4667a5b2a404,normal,,2026-01-11T23:54:31.077654Z,"{""behavior_phase"":""stable""}"
579d6d92-3d62-448f-9f35-498e1a5cd463,normal,,2026-01-12T00:00:00Z,"{""behavior_phase"":""stable""}"
